date,value,7_day_change,7_day_volatility
2019-01-02,10792.5,2.4501953125,182.900390625
2019-01-03,10672.25,65.349609375,182.900390625
2019-01-04,10727.349609375,159.4501953125,159.4501953125
2019-01-07,10771.7998046875,118.5,152.7001953125
2019-01-08,10802.150390625,103.0498046875,167.6005859375
2019-01-09,10855.150390625,51.7998046875,169.3505859375
2019-01-10,10821.599609375,140.25,224.25
2019-01-11,10794.9501953125,127.7998046875,224.25
2019-01-14,10737.599609375,93.900390625,224.25
2019-01-15,10886.7998046875,-37.0,130.349609375
2019-01-16,10890.2998046875,-109.75,181.2998046875
2019-01-17,10905.2001953125,-243.650390625,300.2998046875
2019-01-18,10906.9501953125,-254.75,309.6494140625
2019-01-21,10961.849609375,-310.0498046875,310.0498046875
2019-01-22,10922.75,-91.7998046875,270.9501953125
2019-01-23,10831.5,62.150390625,241.8505859375
2019-01-24,10849.7998046875,62.4501953125,260.4501953125
2019-01-25,10780.5498046875,153.7998046875,282.5498046875
2019-01-28,10661.5498046875,400.900390625,410.650390625
2019-01-29,10652.2001953125,417.2001953125,417.6005859375
2019-01-30,10651.7998046875,291.7998046875,417.6005859375
2019-01-31,10830.9501953125,57.849609375,238.4501953125
2019-02-01,10893.650390625,-62.25,238.0
2019-02-04,10912.25,-166.2001953125,323.3505859375
2019-02-05,10934.349609375,-209.94921875,345.0
2019-02-06,11062.4501953125,-421.5,428.4501953125
2019-02-07,11069.400390625,-465.05078125,465.05078125
2019-02-08,10943.599609375,-208.1494140625,339.25
2019-02-11,10888.7998046875,-98.9501953125,284.4501953125
2019-02-12,10831.400390625,-39.75,227.05078125
2019-02-14,10746.0498046875,134.0498046875,275.75
2019-02-15,10724.400390625,110.8994140625,275.75
2019-02-18,10640.9501953125,165.7001953125,275.75
2019-02-19,10604.349609375,188.150390625,275.75
2019-02-20,10735.4501953125,128.0498046875,144.6494140625
2019-02-21,10789.849609375,197.6005859375,197.6005859375
2019-02-22,10791.650390625,261.349609375,261.349609375
2019-02-25,10880.099609375,178.1005859375,265.7001953125
2019-02-26,10835.2998046875,200.1005859375,265.7001953125
2019-02-27,10806.650390625,361.3994140625,375.5498046875
2019-02-28,10792.5,508.7001953125,508.7001953125
2019-03-01,10863.5,478.2001953125,478.2001953125
2019-03-05,10987.4501953125,355.7998046875,355.7998046875
2019-03-06,11053.0,373.849609375,391.44921875
2019-03-07,11058.2001953125,404.0,426.7998046875
2019-03-08,11035.400390625,497.0,497.0
2019-03-11,11168.0498046875,353.0,364.3505859375
2019-03-12,11301.2001953125,155.7001953125,231.2001953125
2019-03-13,11341.7001953125,12.5498046875,190.7001953125
2019-03-14,11343.25,140.0,189.150390625
2019-03-15,11426.849609375,18.2001953125,178.150390625
2019-03-18,11462.2001953125,107.7998046875,215.75
2019-03-19,11532.400390625,136.75,314.900390625
2019-03-20,11521.0498046875,192.150390625,358.9501953125
2019-03-22,11456.900390625,187.0498046875,358.9501953125
2019-03-25,11354.25,243.75,358.9501953125
2019-03-26,11483.25,182.7001953125,268.150390625
2019-03-27,11445.0498046875,159.4501953125,268.150390625
2019-03-28,11570.0,101.9501953125,143.2001953125
2019-04-01,11669.150390625,-84.8505859375,128.900390625
2019-04-02,11713.2001953125,-116.5,128.900390625
2019-04-03,11643.9501953125,-0.5,87.650390625
2019-04-04,11598.0,92.349609375,106.0498046875
2019-04-05,11665.9501953125,121.2001953125,202.8505859375
2019-04-08,11604.5,148.2998046875,202.8505859375
2019-04-09,11671.9501953125,-77.5,202.8505859375
2019-04-10,11584.2998046875,-8.349609375,211.2001953125
2019-04-11,11596.7001953125,129.4501953125,211.2001953125
2019-04-12,11643.4501953125,-1.650390625,211.2001953125
2019-04-15,11690.349609375,64.30078125,211.2001953125
2019-04-16,11787.150390625,-39.0,211.2001953125
2019-04-18,11752.7998046875,-28.0498046875,178.7001953125
2019-04-22,11594.4501953125,117.7998046875,178.7001953125
2019-04-23,11575.9501953125,22.2998046875,178.7001953125
2019-04-24,11726.150390625,-228.25,256.75
2019-04-25,11641.7998046875,-282.349609375,395.2001953125
2019-04-26,11754.650390625,-452.8505859375,452.8505859375
2019-04-30,11748.150390625,-469.25,469.25
2019-05-02,11724.75,-576.5498046875,576.5498046875
2019-05-03,11712.25,-490.2001953125,564.0498046875
2019-05-06,11598.25,-441.25,450.0498046875
2019-05-07,11497.900390625,-240.80078125,349.7001953125
2019-05-08,11359.4501953125,47.7001953125,258.9501953125
2019-05-09,11301.7998046875,526.4501953125,680.0498046875
2019-05-10,11278.900390625,430.19921875,680.0498046875
2019-05-13,11148.2001953125,589.7001953125,680.0498046875
2019-05-14,11222.0498046875,435.0,671.25
2019-05-15,11157.0,687.099609375,687.099609375
2019-05-16,11257.099609375,667.650390625,667.650390625
2019-05-17,11407.150390625,521.599609375,521.599609375
2019-05-20,11828.25,32.849609375,271.7001953125
2019-05-21,11709.099609375,236.80078125,288.8505859375
2019-05-22,11737.900390625,184.8994140625,288.8505859375
2019-05-23,11657.0498046875,431.5,431.5
2019-05-24,11844.099609375,177.55078125,244.4501953125
2019-05-27,11924.75,-81.0,244.7998046875
2019-05-28,11928.75,-58.099609375,244.7998046875
2019-05-29,11861.099609375,61.6005859375,244.7998046875
2019-05-30,11945.900390625,19.69921875,244.7998046875
2019-05-31,11922.7998046875,-16.599609375,244.7998046875
2019-06-03,12088.5498046875,-174.5,244.7998046875
2019-06-04,12021.650390625,-198.3505859375,198.3505859375
2019-06-06,11843.75,-171.599609375,293.44921875
2019-06-07,11870.650390625,-179.150390625,293.44921875
2019-06-10,11922.7001953125,-231.25,293.44921875
2019-06-11,11965.599609375,-133.849609375,293.44921875
2019-06-12,11906.2001953125,-182.1005859375,241.8994140625
2019-06-13,11914.0498046875,-214.3994140625,241.8994140625
2019-06-14,11823.2998046875,-26.849609375,159.599609375
2019-06-17,11672.150390625,175.3994140625,175.3994140625
2019-06-18,11691.5,150.0498046875,156.099609375
2019-06-19,11691.4501953125,97.3994140625,156.099609375
2019-06-20,11831.75,33.849609375,165.94921875
2019-06-21,11724.099609375,186.2001953125,210.6494140625
2019-06-24,11699.650390625,217.099609375,217.099609375
2019-06-25,11796.4501953125,150.2998046875,157.900390625
2019-06-26,11847.5498046875,-36.3994140625,157.900390625
2019-06-27,11841.5498046875,-282.9501953125,388.150390625
2019-06-28,11788.849609375,-232.94921875,390.849609375
2019-07-01,11865.599609375,-366.69921875,447.849609375
2019-07-02,11910.2998046875,-327.3994140625,447.849609375
2019-07-03,11916.75,-364.25,447.849609375
2019-07-04,11946.75,-358.400390625,447.849609375
2019-07-05,11811.150390625,-148.55078125,312.25
2019-07-08,11558.599609375,128.900390625,188.599609375
2019-07-09,11555.900390625,41.0,188.599609375
2019-07-10,11498.900390625,-79.650390625,268.25
2019-07-11,11582.900390625,-236.7001953125,341.2998046875
2019-07-12,11552.5,-221.4501953125,356.4501953125
2019-07-15,11588.349609375,-317.0498046875,416.2001953125
2019-07-16,11662.599609375,-410.44921875,435.349609375
2019-07-17,11687.5,-403.2001953125,435.349609375
2019-07-18,11596.900390625,-407.7001953125,407.7001953125
2019-07-19,11419.25,-333.849609375,333.849609375
2019-07-22,11346.2001953125,-228.2001953125,260.7998046875
2019-07-23,11331.0498046875,-351.0498046875,351.0498046875
2019-07-24,11271.2998046875,-273.9501953125,304.2998046875
2019-07-25,11252.150390625,-389.55078125,421.7001953125
2019-07-26,11284.2998046875,-336.0498046875,421.7001953125
2019-07-29,11189.2001953125,-333.7001953125,333.7001953125
2019-07-30,11085.400390625,-52.9501953125,262.5
2019-07-31,11118.0,-8.349609375,262.5
2019-08-01,10980.0,-54.150390625,254.150390625
2019-08-02,10997.349609375,32.05078125,254.150390625
2019-08-05,10862.599609375,185.2001953125,254.150390625
2019-08-06,10948.25,105.650390625,254.150390625
2019-08-07,10855.5,161.5,254.150390625
2019-08-08,11032.4501953125,-113.75,190.9501953125
2019-08-09,11109.650390625,-368.30078125,368.30078125
2019-08-13,10925.849609375,-96.5,312.55078125
2019-08-14,11029.400390625,28.44921875,316.5
2019-08-16,11047.7998046875,57.5498046875,364.0
2019-08-19,11053.900390625,-7.80078125,364.0
2019-08-20,11017.0,-68.7001953125,364.0
2019-08-21,10918.7001953125,104.5498046875,364.0
2019-08-22,10741.349609375,56.55078125,364.0
2019-08-23,10829.349609375,15.30078125,307.44921875
2019-08-26,11057.849609375,-209.94921875,307.44921875
2019-08-27,11105.349609375,-159.1494140625,307.44921875
2019-08-28,11046.099609375,-43.0498046875,248.19921875
2019-08-29,10948.2998046875,87.400390625,237.7998046875
2019-08-30,11023.25,-40.4501953125,237.7998046875
2019-09-03,10797.900390625,278.0,278.0
2019-09-04,10844.650390625,158.849609375,231.25
2019-09-05,10847.900390625,-30.30078125,258.30078125
2019-09-06,10946.2001953125,-105.5498046875,258.30078125
2019-09-09,11003.0498046875,-298.25,371.1005859375
2019-09-11,11035.7001953125,238.5,569.400390625
2019-09-12,10982.7998046875,617.400390625,895.400390625
2019-09-13,11075.900390625,512.2998046875,895.400390625
2019-09-16,11003.5,436.7001953125,895.400390625
2019-09-17,10817.599609375,753.6005859375,895.400390625
2019-09-18,10840.650390625,671.75,895.400390625
2019-09-19,10704.7998046875,769.650390625,895.400390625
2019-09-20,11274.2001953125,85.7001953125,326.0
2019-09-23,11600.2001953125,-286.2001953125,286.2001953125
2019-09-24,11588.2001953125,-413.4501953125,413.4501953125
2019-09-25,11440.2001953125,-313.7998046875,444.7998046875
2019-09-26,11571.2001953125,-257.900390625,444.7998046875
2019-09-27,11512.400390625,-277.8505859375,386.0
2019-09-30,11474.4501953125,-169.400390625,348.0498046875
2019-10-01,11359.900390625,-18.75,233.5
2019-10-03,11314.0,114.2998046875,301.8994140625
2019-10-04,11174.75,289.25,337.599609375
2019-10-07,11126.400390625,459.94921875,459.94921875
2019-10-09,11313.2998046875,348.5498046875,427.2998046875
2019-10-10,11234.5498046875,353.7998046875,427.2998046875
2019-10-11,11305.0498046875,299.0498046875,356.7998046875
2019-10-14,11341.150390625,241.44921875,320.69921875
2019-10-15,11428.2998046875,155.6005859375,233.5498046875
2019-10-16,11464.0,322.849609375,322.849609375
2019-10-17,11586.349609375,257.75,261.5
2019-10-18,11661.849609375,215.6005859375,294.8505859375
2019-10-22,11588.349609375,302.25,308.0
2019-10-23,11604.099609375,337.2001953125,358.7001953125
2019-10-24,11582.599609375,334.6005859375,358.7001953125
2019-10-25,11583.900390625,382.1494140625,382.1494140625
2019-10-29,11786.849609375,225.2001953125,225.2001953125
2019-10-30,11844.099609375,64.05078125,167.9501953125
2019-10-31,11877.4501953125,36.0,134.599609375
2019-11-01,11890.599609375,-50.1494140625,171.599609375
2019-11-04,11941.2998046875,-69.2001953125,171.599609375
2019-11-05,11917.2001953125,-21.75,171.599609375
2019-11-06,11966.0498046875,-81.5498046875,171.599609375
2019-11-07,12012.0498046875,-71.9501953125,171.599609375
2019-11-08,11908.150390625,90.94921875,158.6494140625
2019-11-11,11913.4501953125,54.9501953125,158.6494140625
2019-11-13,11840.4501953125,73.9501953125,158.6494140625
2019-11-14,11872.099609375,201.650390625,201.650390625
2019-11-15,11895.4501953125,142.25,189.25
2019-11-18,11884.5,216.2001953125,216.2001953125
2019-11-19,11940.099609375,211.05078125,236.75
2019-11-20,11999.099609375,56.9501953125,236.75
2019-11-21,11968.400390625,79.7998046875,236.75
2019-11-22,11914.400390625,79.7998046875,236.75
2019-11-25,12073.75,-30.5498046875,156.9501953125
2019-11-26,12037.7001953125,-19.2998046875,156.9501953125
2019-11-27,12100.7001953125,-179.2001953125,229.650390625
2019-11-28,12151.150390625,-213.650390625,229.650390625
2019-11-29,12056.0498046875,-199.25,199.25
2019-12-02,12048.2001953125,-138.0498046875,191.400390625
2019-12-03,11994.2001953125,-22.400390625,186.400390625
2019-12-04,12043.2001953125,43.5,229.900390625
2019-12-05,12018.400390625,35.5498046875,229.900390625
2019-12-06,11921.5,243.5,308.2001953125
2019-12-09,11937.5,284.150390625,364.8505859375
2019-12-10,11856.7998046875,402.900390625,402.900390625
2019-12-11,11910.150390625,361.6494140625,361.6494140625
2019-12-12,11971.7998046875,290.9501953125,300.0
2019-12-13,12086.7001953125,127.849609375,217.849609375
2019-12-16,12053.9501953125,72.599609375,217.849609375
2019-12-17,12165.0,80.7998046875,145.25
2019-12-18,12221.650390625,34.19921875,145.25
2019-12-19,12259.7001953125,-91.25,145.25
2019-12-20,12271.7998046875,-89.2998046875,145.25
2019-12-23,12262.75,19.4501953125,155.650390625
2019-12-24,12214.5498046875,12.1005859375,155.650390625
2019-12-26,12126.5498046875,-133.5,289.150390625
2019-12-27,12245.7998046875,-192.849609375,289.150390625
2019-12-30,12255.849609375,-230.5,289.150390625
2019-12-31,12168.4501953125,47.4501953125,289.150390625
2020-01-01,12182.5,74.2998046875,289.150390625
2020-01-02,12282.2001953125,47.349609375,336.5
2020-01-03,12226.650390625,135.6494140625,369.25
2020-01-06,11993.0498046875,350.25,369.25
2020-01-07,12052.9501953125,302.5498046875,336.9501953125
2020-01-08,12025.349609375,327.0,336.9501953125
2020-01-09,12215.900390625,8.6494140625,146.3994140625
2020-01-10,12256.7998046875,-86.9501953125,192.4501953125
2020-01-13,12329.5498046875,-222.6494140625,255.3994140625
2020-01-14,12362.2998046875,-181.9501953125,255.3994140625
2020-01-15,12343.2998046875,-95.0498046875,248.599609375
2020-01-16,12355.5,-236.5,248.599609375
2020-01-17,12352.349609375,-296.5498046875,296.5498046875
2020-01-20,12224.5498046875,-95.0498046875,192.4501953125
2020-01-21,12169.849609375,-134.0498046875,212.4501953125
2020-01-22,12106.900390625,-144.80078125,286.150390625
2020-01-23,12180.349609375,-472.44921875,540.349609375
2020-01-24,12248.25,-268.599609375,540.349609375
2020-01-27,12119.0,-29.849609375,421.599609375
2020-01-28,12055.7998046875,82.150390625,430.0498046875
2020-01-29,12129.5,-31.150390625,430.0498046875
2020-01-30,12035.7998046875,-4.2998046875,430.0498046875
2020-01-31,11962.099609375,145.80078125,430.0498046875
2020-02-03,11707.900390625,493.2998046875,493.2998046875
2020-02-04,11979.650390625,195.0,221.5498046875
2020-02-05,12089.150390625,24.2998046875,169.7001953125
2020-02-06,12137.9501953125,-92.150390625,169.7001953125
2020-02-07,12098.349609375,-105.849609375,208.7001953125
2020-02-10,12031.5,94.400390625,208.7001953125
2020-02-11,12107.900390625,-27.05078125,208.7001953125
2020-02-12,12201.2001953125,-371.7998046875,371.7998046875
2020-02-13,12174.650390625,-376.75,376.75
2020-02-14,12113.4501953125,-434.9501953125,447.400390625
2020-02-17,12045.7998046875,-412.5,492.6005859375
2020-02-18,11992.5,-790.75,924.150390625
2020-02-19,12125.900390625,-993.150390625,993.150390625
2020-02-20,12080.849609375,-777.5498046875,948.099609375
2020-02-24,11829.400390625,-578.400390625,696.650390625
2020-02-25,11797.900390625,-528.900390625,665.150390625
2020-02-26,11678.5,-689.0498046875,689.0498046875
2020-02-27,11633.2998046875,-1181.849609375,1181.849609375
2020-02-28,11201.75,-743.349609375,851.849609375
2020-03-02,11132.75,-1542.599609375,1713.1494140625
2020-03-03,11303.2998046875,-1348.099609375,1713.1494140625
2020-03-04,11251.0,-2053.599609375,2071.599609375
2020-03-05,11269.0,-2301.9501953125,2301.9501953125
2020-03-06,10989.4501953125,-2520.650390625,2520.650390625
2020-03-09,10451.4501953125,-2188.0,2194.9501953125
2020-03-11,10458.400390625,-1712.9501953125,2194.9501953125
2020-03-12,9590.150390625,-1979.900390625,2344.9501953125
2020-03-13,9955.2001953125,-2154.150390625,2344.9501953125
2020-03-16,9197.400390625,-879.55078125,1587.150390625
2020-03-17,8967.0498046875,-325.599609375,1356.7998046875
2020-03-18,8468.7998046875,191.4501953125,1135.2001953125
2020-03-19,8263.4501953125,17.6494140625,1135.2001953125
2020-03-20,8745.4501953125,-147.7001953125,1135.2001953125
2020-03-23,7610.25,643.5498046875,1050.0
2020-03-24,7801.0498046875,282.75,859.2001953125
2020-03-25,8317.849609375,474.3505859375,708.400390625
2020-03-26,8641.4501953125,107.2998046875,708.400390625
2020-03-27,8660.25,451.650390625,1028.1005859375
2020-03-30,8281.099609375,712.75,1028.1005859375
2020-03-31,8597.75,327.5498046875,1028.1005859375
2020-04-01,8253.7998046875,739.0,1028.1005859375
2020-04-03,8083.7998046875,1182.9501953125,1182.9501953125
2020-04-07,8792.2001953125,469.6494140625,518.0
2020-04-08,8748.75,232.7001953125,518.0
2020-04-09,9111.900390625,75.3994140625,341.4501953125
2020-04-13,8993.849609375,320.05078125,388.6005859375
2020-04-15,8925.2998046875,229.1005859375,388.6005859375
2020-04-16,8992.7998046875,289.5,332.4501953125
2020-04-17,9266.75,114.150390625,399.4501953125
2020-04-20,9261.849609375,291.5,571.8994140625
2020-04-21,8981.4501953125,878.4501953125,878.4501953125
2020-04-22,9187.2998046875,106.2001953125,705.5
2020-04-23,9313.900390625,-108.30078125,705.5
2020-04-24,9154.400390625,116.5,705.5
2020-04-27,9282.2998046875,-83.25,660.8505859375
2020-04-28,9380.900390625,-129.400390625,660.8505859375
2020-04-29,9553.349609375,-314.1494140625,660.8505859375
2020-04-30,9859.900390625,-663.3505859375,663.3505859375
2020-05-04,9293.5,90.0498046875,187.0
2020-05-05,9205.599609375,-62.849609375,240.7998046875
2020-05-06,9270.900390625,-134.05078125,246.7001953125
2020-05-07,9199.0498046875,-375.7998046875,560.2998046875
2020-05-08,9251.5,-372.400390625,560.2998046875
2020-05-11,9239.2001953125,-172.650390625,560.2998046875
2020-05-12,9196.5498046875,-90.2998046875,560.2998046875
2020-05-13,9383.5498046875,-344.2998046875,560.2998046875
2020-05-14,9142.75,-113.7001953125,319.5
2020-05-15,9136.849609375,178.1005859375,491.7001953125
2020-05-18,8823.25,666.849609375,666.849609375
2020-05-19,8879.099609375,701.2001953125,701.2001953125
2020-05-20,9066.5498046875,759.6005859375,797.1005859375
2020-05-21,9106.25,872.849609375,950.0498046875
2020-05-22,9039.25,1022.2998046875,1032.5
2020-05-26,9029.0498046875,1000.0498046875,1032.5
2020-05-27,9314.9501953125,827.2001953125,827.2001953125
2020-05-28,9490.099609375,677.3505859375,677.3505859375
2020-05-29,9580.2998046875,466.3505859375,587.150390625
2020-06-01,9826.150390625,290.0,341.2998046875
2020-06-02,9979.099609375,-77.099609375,265.4501953125
2020-06-03,10061.5498046875,-88.6494140625,265.4501953125
2020-06-04,10029.099609375,-215.3994140625,353.75
2020-06-05,10142.150390625,-228.150390625,353.75
2020-06-08,10167.4501953125,-286.2998046875,353.75
2020-06-09,10046.650390625,45.0,302.4501953125
2020-06-10,10116.150390625,128.25,430.7001953125
2020-06-11,9902.0,409.2001953125,497.5
2020-06-12,9972.900390625,498.099609375,657.2998046875
2020-06-15,9813.7001953125,491.599609375,657.2998046875
2020-06-16,9914.0,374.900390625,589.849609375
2020-06-17,9881.150390625,501.849609375,589.849609375
2020-06-18,10091.650390625,220.75,379.349609375
2020-06-19,10244.400390625,57.69921875,226.599609375
2020-06-22,10311.2001953125,118.849609375,182.099609375
2020-06-23,10471.0,80.7001953125,262.7998046875
2020-06-24,10305.2998046875,302.0498046875,318.44921875
2020-06-25,10288.900390625,474.75,474.75
2020-06-26,10383.0,416.650390625,497.55078125
2020-06-29,10312.400390625,393.349609375,497.55078125
2020-06-30,10302.099609375,511.3505859375,511.3505859375
2020-07-01,10430.0498046875,338.0,383.400390625
2020-07-02,10551.7001953125,251.0,261.75
2020-07-03,10607.349609375,0.0,206.1005859375
2020-07-06,10763.650390625,-145.4501953125,206.1005859375
2020-07-07,10799.650390625,-59.7001953125,206.1005859375
2020-07-08,10705.75,195.9501953125,294.3505859375
2020-07-09,10813.4501953125,208.75,414.8505859375
2020-07-10,10768.0498046875,394.2001953125,554.900390625
2020-07-13,10802.7001953125,329.8994140625,554.900390625
2020-07-14,10607.349609375,608.1005859375,608.1005859375
2020-07-15,10618.2001953125,575.9501953125,597.25
2020-07-16,10739.9501953125,391.849609375,475.5
2020-07-17,10901.7001953125,398.849609375,398.849609375
2020-07-20,11022.2001953125,180.6494140625,278.349609375
2020-07-21,11162.25,-60.099609375,198.3994140625
2020-07-22,11132.599609375,-59.1494140625,227.099609375
2020-07-23,11215.4501953125,-323.8505859375,408.9501953125
2020-07-24,11194.150390625,-98.900390625,408.9501953125
2020-07-27,11131.7998046875,-30.1494140625,408.9501953125
2020-07-28,11300.5498046875,-100.3994140625,408.9501953125
2020-07-29,11202.849609375,11.2001953125,322.4501953125
2020-07-30,11102.150390625,168.0,378.55078125
2020-07-31,11073.4501953125,249.0498046875,430.900390625
2020-08-03,10891.599609375,416.80078125,430.900390625
2020-08-04,11095.25,205.2001953125,227.25
2020-08-05,11101.650390625,76.75,220.849609375
2020-08-06,11200.150390625,46.94921875,144.099609375
2020-08-07,11214.0498046875,171.2998046875,206.94921875
2020-08-10,11270.150390625,138.25,230.0
2020-08-11,11322.5,-10.2998046875,230.0
2020-08-12,11308.400390625,63.19921875,230.0
2020-08-13,11300.4501953125,166.0,288.0498046875
2020-08-14,11178.400390625,293.849609375,293.849609375
2020-08-17,11247.099609375,302.5,302.5
2020-08-18,11385.349609375,173.900390625,247.0498046875
2020-08-19,11408.400390625,239.19921875,335.3994140625
2020-08-20,11312.2001953125,75.2998046875,335.3994140625
2020-08-21,11371.599609375,98.650390625,276.0
2020-08-24,11466.4501953125,68.5498046875,260.099609375
2020-08-25,11472.25,55.2001953125,260.099609375
2020-08-26,11549.599609375,-215.75,313.75
2020-08-27,11559.25,-204.2001953125,313.75
2020-08-28,11647.599609375,-330.25,330.25
2020-08-31,11387.5,-109.5,257.0
2020-09-01,11470.25,-21.0,257.0
2020-09-02,11535.0,-70.5498046875,257.0
2020-09-03,11527.4501953125,-87.400390625,249.4501953125
2020-09-04,11333.849609375,187.9501953125,243.7998046875
2020-09-07,11355.0498046875,249.5,326.5498046875
2020-09-08,11317.349609375,198.75,326.5498046875
2020-09-09,11278.0,226.9501953125,326.5498046875
2020-09-10,11449.25,-198.7001953125,354.0
2020-09-11,11464.4501953125,-310.7998046875,450.8994140625
2020-09-14,11440.0498046875,-308.2001953125,472.7001953125
2020-09-15,11521.7998046875,-716.25,799.0
2020-09-16,11604.5498046875,-554.2998046875,799.0
2020-09-17,11516.099609375,-288.5498046875,710.5498046875
2020-09-18,11504.9501953125,-282.5498046875,699.400390625
2020-09-21,11250.5498046875,-3.0,445.0
2020-09-22,11153.650390625,263.2998046875,611.400390625
2020-09-23,11131.849609375,371.5,697.7998046875
2020-09-24,10805.5498046875,856.8505859375,856.8505859375
2020-09-25,11050.25,688.599609375,688.599609375
2020-09-28,11227.5498046875,607.0498046875,612.19921875
2020-09-29,11222.400390625,691.7998046875,691.7998046875
2020-09-30,11247.5498046875,683.400390625,683.400390625
2020-10-01,11416.9501953125,517.5498046875,517.5498046875
2020-10-05,11503.349609375,467.7001953125,467.7001953125
2020-10-06,11662.400390625,17.94921875,308.6494140625
2020-10-07,11738.849609375,23.6005859375,290.7001953125
2020-10-08,11834.599609375,38.4501953125,290.7001953125
2020-10-09,11914.2001953125,-17.400390625,290.7001953125
2020-10-12,11930.9501953125,6.7001953125,290.7001953125
2020-10-13,11934.5,-38.0498046875,290.7001953125
2020-10-14,11971.0498046875,-40.7001953125,290.7001953125
2020-10-15,11680.349609375,87.400390625,257.30078125
2020-10-16,11762.4501953125,126.9501953125,175.2001953125
2020-10-19,11873.0498046875,-143.4501953125,208.05078125
2020-10-20,11896.7998046875,-226.0,266.8505859375
2020-10-21,11937.650390625,-295.25,295.25
2020-10-22,11896.4501953125,-227.2998046875,287.94921875
2020-10-23,11930.349609375,-116.849609375,287.94921875
2020-10-26,11767.75,140.75,266.099609375
2020-10-27,11889.400390625,230.8994140625,477.8994140625
2020-10-28,11729.599609375,533.9501953125,621.1494140625
2020-10-29,11670.7998046875,790.25,818.6494140625
2020-10-30,11642.400390625,988.69921875,988.69921875
2020-11-02,11669.150390625,1080.0,1080.0
2020-11-03,11813.5,877.2998046875,935.650390625
2020-11-04,11908.5,811.4501953125,840.650390625
2020-11-05,12120.2998046875,753.900390625,753.900390625
2020-11-06,12263.5498046875,674.7001953125,674.7001953125
2020-11-09,12461.0498046875,310.650390625,477.2001953125
2020-11-10,12631.099609375,227.9501953125,307.150390625
2020-11-11,12749.150390625,177.2998046875,247.4501953125
2020-11-12,12690.7998046875,364.3505859375,364.3505859375
2020-11-13,12719.9501953125,138.4501953125,335.2001953125
2020-11-17,12874.2001953125,112.7998046875,283.4501953125
2020-11-18,12938.25,30.7001953125,283.4501953125
2020-11-19,12771.7001953125,337.349609375,337.349609375
2020-11-20,12859.0498046875,254.7001953125,255.349609375
2020-11-23,12926.4501953125,207.4501953125,275.5
2020-11-24,13055.150390625,203.3994140625,400.1494140625
2020-11-25,12858.400390625,497.349609375,497.349609375
2020-11-26,12987.0,405.9501953125,424.0
2020-11-27,12968.9501953125,560.1494140625,560.1494140625
2020-12-01,13109.0498046875,369.25,420.0498046875
2020-12-02,13113.75,400.099609375,415.349609375
2020-12-03,13133.900390625,424.25,424.25
2020-12-04,13258.5498046875,309.2998046875,309.2998046875
2020-12-07,13355.75,326.9501953125,326.9501953125
2020-12-08,13392.9501953125,347.75,347.75
2020-12-09,13529.099609375,231.4501953125,282.25
2020-12-10,13478.2998046875,-149.8994140625,432.1494140625
2020-12-11,13513.849609375,-47.5498046875,432.1494140625
2020-12-14,13558.150390625,42.94921875,432.1494140625
2020-12-15,13567.849609375,181.400390625,432.1494140625
2020-12-16,13682.7001953125,190.5,544.7998046875
2020-12-17,13740.7001953125,191.8994140625,604.19921875
2020-12-18,13760.5498046875,221.400390625,653.5498046875
2020-12-21,13328.400390625,653.349609375,653.5498046875
2020-12-22,13466.2998046875,552.2001953125,552.2001953125
2020-12-23,13601.099609375,531.80078125,531.80078125
2020-12-24,13749.25,450.25,450.25
2020-12-28,13873.2001953125,273.0498046875,326.2998046875
2020-12-29,13932.599609375,204.75,266.900390625
2020-12-30,13981.9501953125,365.2998046875,365.5
2020-12-31,13981.75,503.0,503.0
2021-01-01,14018.5,544.9501953125,544.9501953125
2021-01-04,14132.900390625,431.94921875,431.94921875
2021-01-05,14199.5,396.099609375,458.25
2021-01-06,14146.25,287.4501953125,458.25
2021-01-07,14137.349609375,143.9501953125,458.25
2021-01-08,14347.25,173.900390625,314.2998046875
2021-01-11,14484.75,159.9501953125,363.400390625
2021-01-12,14563.4501953125,26.8994140625,363.400390625
2021-01-13,14564.849609375,-192.94921875,363.400390625
2021-01-14,14595.599609375,-356.69921875,405.7998046875
2021-01-15,14433.7001953125,-466.2001953125,677.2001953125
2021-01-18,14281.2998046875,-463.75,827.150390625
2021-01-19,14521.150390625,-886.55078125,1010.1005859375
2021-01-20,14644.7001953125,-363.5,1010.1005859375
2021-01-21,14590.349609375,57.5,1013.25
2021-01-22,14371.900390625,418.0498046875,1155.3505859375
2021-01-25,14238.900390625,656.75,1261.05078125
2021-01-27,13967.5,956.75,1289.650390625
2021-01-28,13817.5498046875,1298.25,1481.2001953125
2021-01-29,13634.599609375,1474.7001953125,1481.2001953125
2021-02-01,14281.2001953125,825.2998046875,834.599609375
2021-02-02,14647.849609375,525.4501953125,525.4501953125
2021-02-03,14789.9501953125,373.349609375,383.349609375
2021-02-04,14895.650390625,419.0498046875,419.0498046875
2021-02-05,14924.25,389.2001953125,390.4501953125
2021-02-08,15115.7998046875,93.1005859375,208.2001953125
2021-02-09,15109.2998046875,9.650390625,208.2001953125
2021-02-10,15106.5,-124.75,332.9501953125
2021-02-11,15173.2998046875,-497.599609375,639.0
2021-02-12,15163.2998046875,-455.5,639.0
2021-02-15,15314.7001953125,-332.7001953125,639.0
2021-02-16,15313.4501953125,-216.1005859375,637.75
2021-02-17,15208.900390625,-679.75,679.75
2021-02-18,15118.9501953125,-357.400390625,589.7998046875
2021-02-19,14981.75,-62.650390625,568.19921875
2021-02-22,14675.7001953125,569.8994140625,716.44921875
2021-02-23,14707.7998046875,372.9501953125,716.44921875
2021-02-24,14982.0,-43.900390625,716.44921875
2021-02-25,15097.349609375,-141.1494140625,716.44921875
2021-02-26,14529.150390625,569.25,716.44921875
2021-03-01,14761.5498046875,413.25,484.0498046875
2021-03-02,14919.099609375,111.8505859375,326.5
2021-03-03,15245.599609375,-316.099609375,316.099609375
2021-03-04,15080.75,-170.2998046875,264.349609375
2021-03-05,14938.099609375,-216.7998046875,453.5
2021-03-08,14956.2001953125,-398.3505859375,616.9501953125
2021-03-09,15098.400390625,-354.400390625,616.9501953125
2021-03-10,15174.7998046875,-438.3994140625,616.9501953125
2021-03-12,15030.9501953125,-216.2001953125,473.1005859375
2021-03-15,14929.5,-380.099609375,380.099609375
2021-03-16,14910.4501953125,-585.5498046875,585.5498046875
2021-03-17,14721.2998046875,-214.0,489.849609375
2021-03-18,14557.849609375,287.25,520.19921875
2021-03-19,14744.0,-53.2998046875,520.19921875
2021-03-22,14736.400390625,130.94921875,542.44921875
2021-03-23,14814.75,-176.9501953125,542.44921875
2021-03-24,14549.400390625,134.099609375,542.44921875
2021-03-25,14324.900390625,494.1494140625,542.44921875
2021-03-26,14507.2998046875,366.5,366.5
2021-03-30,14845.099609375,-10.25,236.0
2021-03-31,14690.7001953125,-379.900390625,563.0
2021-04-01,14867.349609375,-362.5498046875,563.0
2021-04-05,14637.7998046875,-56.349609375,563.0
2021-04-06,14683.5,-65.650390625,563.0
2021-04-07,14819.0498046875,-459.599609375,563.0
2021-04-08,14873.7998046875,-577.3994140625,577.3994140625
2021-04-09,14834.849609375,-428.69921875,538.44921875
2021-04-12,14310.7998046875,30.5498046875,321.44921875
2021-04-13,14504.7998046875,-19.7998046875,321.44921875
2021-04-15,14581.4501953125,71.599609375,356.6494140625
2021-04-16,14617.849609375,246.7001953125,568.1494140625
2021-04-19,14359.4501953125,535.4501953125,598.5
2021-04-20,14296.400390625,334.69921875,598.5
2021-04-22,14406.150390625,228.0,553.55078125
2021-04-23,14341.349609375,155.150390625,553.55078125
2021-04-26,14485.0,132.849609375,409.900390625
2021-04-27,14653.0498046875,71.75,398.400390625
2021-04-28,14864.5498046875,-41.3994140625,398.400390625
2021-04-29,14894.900390625,47.44921875,445.849609375
2021-04-30,14631.099609375,219.650390625,445.849609375
2021-05-03,14634.150390625,62.349609375,445.849609375
2021-05-04,14496.5,181.2998046875,445.849609375
2021-05-05,14617.849609375,305.30078125,324.5
2021-05-06,14724.7998046875,383.2998046875,430.2998046875
2021-05-07,14823.150390625,207.0,430.2998046875
2021-05-10,14942.349609375,-36.2998046875,430.2998046875
2021-05-11,14850.75,324.5498046875,497.5
2021-05-12,14696.5,501.2001953125,519.900390625
2021-05-14,14677.7998046875,530.650390625,530.650390625
2021-05-17,14923.150390625,378.2998046875,395.400390625
2021-05-18,15108.099609375,229.75,431.7998046875
2021-05-19,15030.150390625,405.5,529.6005859375
2021-05-20,14906.0498046875,676.75,676.75
2021-05-21,15175.2998046875,399.5498046875,407.5
2021-05-24,15197.7001953125,378.5,385.099609375
2021-05-25,15208.4501953125,481.8994140625,481.8994140625
2021-05-26,15301.4501953125,368.7998046875,388.8994140625
2021-05-27,15337.849609375,413.80078125,413.80078125
2021-05-28,15435.650390625,304.44921875,316.0
2021-05-31,15582.7998046875,52.5498046875,176.80078125
2021-06-01,15574.849609375,162.900390625,176.80078125
2021-06-02,15576.2001953125,223.1494140625,223.1494140625
2021-06-03,15690.349609375,121.5,176.5
2021-06-04,15670.25,199.0,233.900390625
2021-06-07,15751.650390625,15.8994140625,233.900390625
2021-06-08,15740.099609375,-48.69921875,233.900390625
2021-06-09,15635.349609375,48.0,233.900390625
2021-06-10,15737.75,8.75,185.900390625
2021-06-11,15799.349609375,-26.599609375,185.900390625
2021-06-14,15811.849609375,-124.8994140625,185.900390625
2021-06-15,15869.25,-78.7998046875,185.900390625
2021-06-16,15767.5498046875,92.7998046875,177.0
2021-06-17,15691.400390625,123.2998046875,177.0
2021-06-18,15683.349609375,65.1005859375,177.0
2021-06-21,15746.5,-25.0,173.3994140625
2021-06-22,15772.75,-92.75,180.349609375
2021-06-23,15686.9501953125,35.25,180.349609375
2021-06-24,15790.4501953125,43.8994140625,180.349609375
2021-06-25,15860.349609375,-42.099609375,180.349609375
2021-06-28,15814.7001953125,64.9501953125,199.650390625
2021-06-29,15748.4501953125,-20.5498046875,199.650390625
2021-06-30,15721.5,-31.7001953125,199.650390625
2021-07-01,15680.0,12.599609375,199.650390625
2021-07-02,15722.2001953125,90.1494140625,189.8505859375
2021-07-05,15834.349609375,19.6005859375,189.8505859375
2021-07-06,15818.25,105.9501953125,234.400390625
2021-07-07,15879.650390625,43.75,234.400390625
2021-07-08,15727.900390625,24.5,234.400390625
2021-07-09,15689.7998046875,-57.7001953125,292.1005859375
2021-07-12,15692.599609375,131.4501953125,292.1005859375
2021-07-13,15812.349609375,43.7001953125,292.1005859375
2021-07-14,15853.9501953125,-29.5,292.1005859375
2021-07-15,15924.2001953125,-177.75,292.1005859375
2021-07-16,15923.400390625,-214.0,291.30078125
2021-07-19,15752.400390625,26.0498046875,223.9501953125
2021-07-20,15632.099609375,130.9501953125,223.9501953125
2021-07-22,15824.0498046875,61.1005859375,175.75
2021-07-23,15856.0498046875,274.7001953125,421.349609375
2021-07-26,15824.4501953125,434.349609375,549.3994140625
2021-07-27,15746.4501953125,548.1494140625,585.19921875
2021-07-28,15709.400390625,528.7998046875,585.19921875
2021-07-29,15778.4501953125,479.7998046875,531.5498046875
2021-07-30,15763.0498046875,517.0498046875,531.5498046875
2021-08-02,15885.150390625,397.099609375,409.44921875
2021-08-03,16130.75,233.650390625,233.650390625
2021-08-04,16258.7998046875,270.2998046875,290.8994140625
2021-08-05,16294.599609375,268.451171875,324.8505859375
2021-08-06,16238.2001953125,376.3994140625,376.3994140625
2021-08-09,16258.25,310.599609375,356.349609375
2021-08-10,16280.099609375,170.400390625,334.5
2021-08-11,16282.25,214.19921875,332.349609375
2021-08-12,16364.400390625,260.19921875,260.19921875
2021-08-13,16529.099609375,105.55078125,184.150390625
2021-08-16,16563.05078125,73.849609375,186.400390625
2021-08-17,16614.599609375,90.599609375,254.69921875
2021-08-18,16568.849609375,362.201171875,480.55078125
2021-08-20,16450.5,681.69921875,681.69921875
2021-08-23,16496.44921875,579.80078125,635.75
2021-08-24,16624.599609375,609.55078125,609.55078125
2021-08-25,16634.650390625,688.94921875,688.94921875
2021-08-26,16636.900390625,740.900390625,740.900390625
2021-08-27,16705.19921875,656.900390625,672.6015625
2021-08-30,16931.05078125,422.44921875,446.75
2021-08-31,17132.19921875,237.05078125,301.55078125
2021-09-01,17076.25,279.05078125,301.55078125
2021-09-02,17234.150390625,145.849609375,145.849609375
2021-09-03,17323.599609375,195.849609375,195.849609375
2021-09-06,17377.80078125,251.69921875,276.0
2021-09-07,17362.099609375,223.05078125,276.0
2021-09-08,17353.5,43.400390625,276.0
2021-09-09,17369.25,192.75,274.19921875
2021-09-13,17355.30078125,191.349609375,274.19921875
2021-09-14,17380.0,442.94921875,442.94921875
2021-09-15,17519.44921875,333.75,456.298828125
2021-09-16,17629.5,225.599609375,458.19921875
2021-09-17,17585.150390625,163.44921875,458.19921875
2021-09-20,17396.900390625,314.400390625,458.19921875
2021-09-21,17562.0,56.150390625,308.44921875
2021-09-22,17546.650390625,-14.599609375,323.048828125
2021-09-23,17822.94921875,-131.69921875,323.048828125
2021-09-24,17853.19921875,-30.8984375,323.048828125
2021-09-27,17855.099609375,-209.099609375,323.048828125
2021-09-28,17748.599609375,41.75,290.25
2021-09-29,17711.30078125,183.8984375,363.1484375
2021-09-30,17618.150390625,327.798828125,413.8984375
2021-10-01,17532.05078125,459.8984375,459.8984375
2021-10-04,17691.25,470.5,515.75
2021-10-05,17822.30078125,516.25,692.55078125
2021-10-06,17646.0,831.05078125,831.05078125
2021-10-07,17790.349609375,628.400390625,686.701171875
2021-10-08,17895.19921875,371.400390625,581.8515625
2021-10-11,17945.94921875,232.150390625,531.1015625
2021-10-12,17991.94921875,122.951171875,485.1015625
2021-10-13,18161.75,-36.349609375,362.150390625
2021-10-14,18338.55078125,-70.150390625,362.150390625
2021-10-18,18477.05078125,-266.1015625,362.150390625
2021-10-19,18418.75,-561.5,561.5
2021-10-20,18266.599609375,-594.94921875,596.75
2021-10-21,18178.099609375,-248.44921875,596.75
2021-10-22,18114.900390625,-225.951171875,596.75
2021-10-25,18125.400390625,-296.201171875,596.75
2021-10-26,18268.400390625,-351.599609375,596.75
2021-10-27,18210.94921875,-142.3984375,539.298828125
2021-10-28,17857.25,187.0,396.900390625
2021-10-29,17671.650390625,345.548828125,396.900390625
2021-11-01,17929.650390625,-56.05078125,239.3515625
2021-11-02,17888.94921875,213.80078125,273.55078125
2021-11-03,17829.19921875,280.25,280.25
2021-11-04,17916.80078125,82.3984375,235.849609375
2021-11-08,18068.55078125,-169.900390625,235.849609375
2021-11-09,18044.25,-279.44921875,344.6484375
2021-11-10,18017.19921875,-600.6484375,692.8984375
2021-11-11,17873.599609375,-370.25,692.8984375
2021-11-12,18102.75,-687.69921875,694.3984375
2021-11-15,18109.44921875,-573.19921875,694.3984375
2021-11-16,17999.19921875,-972.75,972.75
2021-11-17,17898.650390625,-844.701171875,872.201171875
2021-11-18,17764.80078125,-781.6015625,781.6015625
2021-11-22,17416.55078125,-249.650390625,553.05078125
2021-11-23,17503.349609375,-101.69921875,553.05078125
2021-11-24,17415.05078125,-218.3515625,553.05078125
2021-11-25,17536.25,-624.0,624.0
2021-11-26,17026.44921875,150.25,489.400390625
2021-11-29,17053.94921875,415.80078125,557.5
2021-11-30,16983.19921875,533.650390625,604.599609375
2021-12-01,17166.900390625,344.400390625,604.599609375
2021-12-02,17401.650390625,-33.400390625,604.599609375
2021-12-03,17196.69921875,128.201171875,604.599609375
2021-12-06,16912.25,309.150390625,604.599609375
2021-12-07,17176.69921875,71.701171875,340.150390625
2021-12-08,17469.75,-484.55078125,531.650390625
2021-12-09,17516.849609375,-902.650390625,902.650390625
2021-12-10,17511.30078125,-740.451171875,897.1015625
2021-12-13,17368.25,-412.80078125,754.05078125
2021-12-14,17324.900390625,-252.30078125,710.701171875
2021-12-15,17221.400390625,-217.650390625,634.201171875
2021-12-16,17248.400390625,-162.150390625,634.201171875
2021-12-17,16985.19921875,248.05078125,619.05078125
2021-12-20,16614.19921875,599.400390625,619.05078125
2021-12-21,16770.849609375,433.099609375,462.400390625
2021-12-22,16955.44921875,398.6015625,398.6015625
2021-12-23,17072.599609375,553.099609375,621.94921875
2021-12-24,17003.75,801.5,801.5
2021-12-27,17086.25,839.0,839.0
2021-12-28,17233.25,512.650390625,721.30078125
2021-12-29,17213.599609375,599.099609375,721.30078125
2021-12-30,17203.94921875,799.3515625,799.3515625
2021-12-31,17354.05078125,701.69921875,701.69921875
2022-01-03,17625.69921875,586.650390625,586.650390625
2022-01-04,17805.25,452.55078125,511.900390625
2022-01-05,17925.25,330.5,511.900390625
2022-01-06,17745.900390625,562.19921875,562.19921875
2022-01-07,17812.69921875,300.3515625,495.400390625
2022-01-10,18003.30078125,-64.900390625,369.69921875
2022-01-11,18055.75,-298.75,551.099609375
2022-01-12,18212.349609375,-595.19921875,690.94921875
2022-01-13,18257.80078125,-1108.701171875,1159.0
2022-01-14,18255.75,-977.80078125,1159.0
2022-01-17,18308.099609375,-1197.94921875,1197.94921875
2022-01-18,18113.05078125,-1011.1015625,1011.1015625
2022-01-19,17938.400390625,-598.55078125,836.451171875
2022-01-20,17757.0,-180.150390625,655.05078125
2022-01-21,17617.150390625,162.849609375,678.05078125
2022-01-24,17149.099609375,411.099609375,678.05078125
2022-01-25,17277.94921875,238.3515625,678.05078125
2022-01-27,17110.150390625,103.44921875,678.05078125
2022-01-28,17101.94921875,164.80078125,678.05078125
2022-01-31,17339.849609375,123.951171875,566.400390625
2022-02-01,17576.849609375,29.0,566.400390625
2022-02-02,17780.0,-405.25,566.400390625
2022-02-03,17560.19921875,-717.3984375,763.048828125
2022-02-04,17516.30078125,-163.8515625,763.048828125
2022-02-07,17213.599609375,108.599609375,763.048828125
2022-02-08,17266.75,37.849609375,763.048828125
2022-02-09,17463.80078125,-187.5,763.048828125
2022-02-10,17605.849609375,-399.19921875,763.048828125
2022-02-11,17374.75,-282.55078125,531.94921875
2022-02-14,16842.80078125,220.44921875,509.6484375
2022-02-15,17352.44921875,-1104.4990234375,1104.4990234375
2022-02-16,17322.19921875,-663.798828125,1074.2490234375
2022-02-17,17304.599609375,-510.69921875,1056.6494140625
2022-02-18,17276.30078125,-670.3515625,1028.3505859375
2022-02-21,17206.650390625,-708.599609375,958.7001953125
2022-02-22,17092.19921875,-846.849609375,846.849609375
2022-02-23,17063.25,-1200.099609375,1200.099609375
2022-02-24,16247.9501953125,-234.5,930.75
2022-02-25,16658.400390625,-313.05078125,930.75
2022-02-28,16793.900390625,-199.0,930.75
2022-03-02,16605.94921875,24.5,767.298828125
2022-03-03,16498.05078125,373.25,1008.150390625
2022-03-04,16245.349609375,417.650390625,1008.150390625
2022-03-07,15863.150390625,1112.19921875,1112.19921875
2022-03-08,16013.4501953125,1273.6005859375,1273.6005859375
2022-03-09,16345.349609375,772.25,941.701171875
2022-03-10,16594.900390625,720.599609375,720.599609375
2022-03-11,16630.44921875,615.201171875,685.05078125
2022-03-14,16871.30078125,351.44921875,652.5
2022-03-15,16663.0,490.0,652.5
2022-03-16,16975.349609375,246.650390625,340.150390625
2022-03-17,17287.05078125,38.25,207.701171875
2022-03-21,17117.599609375,380.650390625,380.650390625
2022-03-22,17315.5,149.25,345.25
2022-03-23,17245.650390625,424.798828125,517.44921875
2022-03-24,17222.75,830.650390625,900.400390625
2022-03-25,17153.0,804.400390625,900.400390625
2022-03-28,17222.0,585.650390625,831.400390625
2022-03-29,17325.30078125,314.25,728.099609375
2022-03-30,17498.25,286.099609375,588.650390625
2022-03-31,17464.75,210.19921875,588.650390625
2022-04-01,17670.44921875,-140.1484375,523.099609375
2022-04-04,18053.400390625,-577.75,577.75
2022-04-05,17957.400390625,-783.75,783.75
2022-04-06,17807.650390625,-849.0,849.0
2022-04-07,17639.55078125,-503.0,825.69921875
2022-04-08,17784.349609375,-391.75,825.69921875
2022-04-11,17674.94921875,-503.0,716.298828125
2022-04-12,17530.30078125,-576.3515625,576.3515625
2022-04-13,17475.650390625,-274.849609375,521.701171875
2022-04-18,17173.650390625,-135.25,438.650390625
2022-04-19,16958.650390625,286.400390625,438.650390625
2022-04-20,17136.55078125,-34.0,438.650390625
2022-04-21,17392.599609375,-323.5,438.650390625
2022-04-22,17171.94921875,-494.349609375,567.451171875
2022-04-25,16953.94921875,-271.298828125,567.451171875
2022-04-26,17200.80078125,-789.55078125,833.80078125
2022-04-27,17038.400390625,-736.55078125,943.201171875
2022-04-28,17245.05078125,-1005.0009765625,1005.0009765625
2022-04-29,17102.55078125,-935.451171875,935.451171875
2022-05-02,17069.099609375,-1261.099609375,1261.099609375
2022-05-04,16677.599609375,-895.44921875,900.5
2022-05-05,16682.650390625,-840.3505859375,900.5
2022-05-06,16411.25,-151.9501953125,629.099609375
2022-05-09,16301.849609375,-61.5498046875,519.69921875
2022-05-10,16240.0498046875,-430.6494140625,477.1494140625
2022-05-11,16167.099609375,99.05078125,484.0
2022-05-12,15808.0,406.7001953125,484.0
2022-05-13,15782.150390625,343.0,484.0
2022-05-16,15842.2998046875,183.5,456.75
2022-05-17,16259.2998046875,-89.1494140625,456.75
2022-05-18,16240.2998046875,112.150390625,543.0498046875
2022-05-19,15809.400390625,852.0,852.0
2022-05-20,16266.150390625,318.400390625,635.6005859375
2022-05-23,16214.7001953125,308.0498046875,635.6005859375
2022-05-24,16125.150390625,502.849609375,635.6005859375
2022-05-25,16025.7998046875,558.5009765625,635.6005859375
2022-05-26,16170.150390625,399.400390625,491.25
2022-05-27,16352.4501953125,63.8994140625,308.9501953125
2022-05-30,16661.400390625,-305.150390625,305.150390625
2022-05-31,16584.55078125,-106.451171875,271.75
2022-06-01,16522.75,-320.9501953125,426.2001953125
2022-06-02,16628.0,-853.599609375,853.599609375
2022-06-03,16584.30078125,-852.201171875,852.201171875
2022-06-06,16569.55078125,-877.400390625,877.400390625
2022-06-07,16416.349609375,-1055.75,1117.5
2022-06-08,16356.25,-1062.75,1184.599609375
2022-06-09,16478.099609375,-1127.94921875,1184.599609375
2022-06-10,16201.7998046875,-563.0,908.2998046875
2022-06-13,15774.400390625,-361.1005859375,480.900390625
2022-06-14,15732.099609375,-175.44921875,438.599609375
2022-06-15,15692.150390625,7.099609375,405.75
2022-06-16,15360.599609375,471.4501953125,538.5498046875
2022-06-17,15293.5,556.7001953125,556.7001953125
2022-06-20,15350.150390625,448.94921875,500.0498046875
2022-06-21,15638.7998046875,141.4501953125,436.900390625
2022-06-22,15413.2998046875,338.75,436.900390625
2022-06-23,15556.650390625,278.69921875,293.5498046875
2022-06-24,15699.25,111.599609375,150.9501953125
2022-06-27,15832.0498046875,157.75,237.75
2022-06-28,15850.2001953125,282.7001953125,380.8505859375
2022-06-29,15799.099609375,421.5,468.5498046875
2022-06-30,15780.25,435.75,468.5498046875
2022-07-01,15752.0498046875,306.25,468.5498046875
2022-07-04,15835.349609375,131.30078125,409.75
2022-07-05,15810.849609375,127.80078125,409.75
2022-07-06,15989.7998046875,59.400390625,281.94921875
2022-07-07,16132.900390625,145.599609375,339.849609375
2022-07-08,16220.599609375,119.9501953125,401.8994140625
2022-07-11,16216.0,304.849609375,582.19921875
2022-07-12,16058.2998046875,546.9501953125,666.599609375
2022-07-13,15966.650390625,752.798828125,780.798828125
2022-07-14,15938.650390625,692.349609375,780.798828125
2022-07-15,16049.2001953125,434.6494140625,670.2490234375
2022-07-18,16278.5,363.30078125,440.94921875
2022-07-19,16340.5498046875,589.0498046875,589.0498046875
2022-07-20,16520.849609375,637.400390625,674.400390625
2022-07-21,16605.25,734.80078125,856.201171875
2022-07-22,16719.44921875,626.0,861.599609375
2022-07-25,16631.0,757.150390625,904.30078125
2022-07-26,16483.849609375,898.150390625,904.30078125
2022-07-27,16641.80078125,755.69921875,755.69921875
2022-07-28,16929.599609375,595.5,595.5
2022-07-29,17158.25,376.5,376.5
2022-08-01,17340.05078125,318.94921875,318.94921875
2022-08-02,17345.44921875,352.701171875,352.701171875
2022-08-03,17388.150390625,437.099609375,443.25
2022-08-04,17382.0,562.25,562.25
2022-08-05,17397.5,559.0,559.0
2022-08-08,17525.099609375,233.349609375,431.400390625
2022-08-10,17534.75,-44.05078125,465.80078125
2022-08-11,17659.0,-81.5,465.80078125
2022-08-12,17698.150390625,-93.201171875,465.80078125
2022-08-16,17825.25,-302.80078125,465.80078125
2022-08-17,17944.25,-385.349609375,465.80078125
2022-08-18,17956.5,-643.599609375,643.599609375
2022-08-19,17758.44921875,0.8515625,446.400390625
2022-08-22,17490.69921875,52.1015625,446.400390625
2022-08-23,17577.5,-38.05078125,446.400390625
2022-08-24,17604.94921875,60.8515625,446.400390625
2022-08-25,17522.44921875,133.150390625,446.400390625
2022-08-26,17558.900390625,65.5,446.400390625
2022-08-29,17312.900390625,485.849609375,485.849609375
2022-08-30,17759.30078125,74.048828125,293.900390625
2022-09-01,17542.80078125,393.548828125,396.900390625
2022-09-02,17539.44921875,530.6015625,530.6015625
2022-09-05,17665.80078125,337.94921875,445.650390625
2022-09-06,17655.599609375,221.80078125,445.650390625
2022-09-07,17624.400390625,-93.55078125,539.201171875
2022-09-08,17798.75,-176.5,539.201171875
2022-09-09,17833.349609375,-17.099609375,539.201171875
2022-09-12,17936.349609375,-218.0,539.201171875
2022-09-13,18070.05078125,-440.25,539.201171875
2022-09-14,18003.75,-676.400390625,676.400390625
2022-09-15,17877.400390625,-861.099609375,861.099609375
2022-09-16,17530.849609375,-523.44921875,808.849609375
2022-09-19,17622.25,-763.650390625,957.650390625
2022-09-20,17816.25,-998.150390625,998.150390625
2022-09-21,17718.349609375,-624.0,900.25
2022-09-22,17629.80078125,-742.451171875,811.701171875
2022-09-23,17327.349609375,-53.048828125,509.25
2022-09-26,17016.30078125,315.5,513.701171875
2022-09-27,17007.400390625,307.25,513.701171875
2022-09-28,16858.599609375,382.400390625,513.701171875
2022-09-29,16818.099609375,165.451171875,513.701171875
2022-09-30,17094.349609375,29.25,444.451171875
2022-10-03,16887.349609375,127.0,444.451171875
2022-10-04,17274.30078125,-88.6015625,348.25
2022-10-06,17331.80078125,-20.0,348.25
2022-10-07,17314.650390625,172.298828125,503.3984375
2022-10-10,17241.0,271.25,528.69921875
2022-10-11,16983.55078125,580.3984375,580.3984375
2022-10-12,17123.599609375,452.701171875,561.951171875
2022-10-13,17014.349609375,716.400390625,716.400390625
2022-10-14,17185.69921875,470.650390625,545.05078125
2022-10-17,17311.80078125,425.1484375,425.1484375
2022-10-18,17486.94921875,299.8515625,299.8515625
2022-10-19,17512.25,499.94921875,499.94921875
2022-10-20,17563.94921875,581.451171875,581.451171875
2022-10-21,17576.30078125,506.548828125,569.099609375
2022-10-24,17730.75,321.94921875,489.05078125
2022-10-25,17656.349609375,460.80078125,489.05078125
2022-10-27,17736.94921875,465.8515625,465.8515625
2022-10-28,17786.80078125,370.19921875,416.0
2022-10-31,18012.19921875,16.0,190.6015625
2022-11-01,18145.400390625,204.298828125,321.5
2022-11-02,18082.849609375,246.30078125,321.5
2022-11-03,18052.69921875,350.701171875,375.201171875
2022-11-04,18117.150390625,292.5,381.451171875
2022-11-07,18202.80078125,141.099609375,381.451171875
2022-11-09,18157.0,150.650390625,381.451171875
2022-11-10,18028.19921875,131.75,381.451171875
2022-11-11,18349.69921875,-105.5,249.701171875
2022-11-14,18329.150390625,-61.900390625,249.701171875
2022-11-15,18403.400390625,80.69921875,324.150390625
2022-11-16,18409.650390625,103.099609375,352.80078125
2022-11-17,18343.900390625,218.849609375,402.80078125
2022-11-18,18307.650390625,310.400390625,458.1015625
2022-11-21,18159.94921875,598.400390625,598.400390625
2022-11-22,18244.19921875,568.30078125,568.30078125
2022-11-23,18267.25,428.849609375,545.25
2022-11-24,18484.099609375,216.951171875,328.400390625
2022-11-25,18512.75,130.0,299.75
2022-11-28,18562.75,-2.25,252.0
2022-11-29,18618.05078125,-8.701171875,252.0
2022-11-30,18758.349609375,-261.75,315.900390625
2022-12-01,18812.5,-315.349609375,315.900390625
2022-12-02,18696.099609375,-88.099609375,204.451171875
2022-12-05,18701.05078125,-40.75,204.451171875
2022-12-06,18642.75,-227.849609375,245.400390625
2022-12-07,18560.5,-291.5,391.30078125
2022-12-08,18609.349609375,-188.900390625,391.30078125
2022-12-09,18496.599609375,-111.298828125,391.30078125
2022-12-12,18497.150390625,-298.05078125,461.201171875
2022-12-13,18608.0,-480.650390625,532.951171875
2022-12-14,18660.30078125,-853.5,853.5
2022-12-15,18414.900390625,-400.30078125,613.6484375
2022-12-16,18269.0,-136.69921875,613.6484375
2022-12-19,18420.44921875,-297.94921875,613.6484375
2022-12-20,18385.30078125,-194.30078125,578.5
2022-12-21,18199.099609375,-93.798828125,392.298828125
2022-12-22,18127.349609375,70.099609375,390.6484375
2022-12-23,17806.80078125,425.75,425.75
2022-12-26,18014.599609375,28.349609375,217.951171875
2022-12-27,18132.30078125,-140.150390625,240.400390625
2022-12-28,18122.5,-263.05078125,373.1015625
2022-12-29,18191.0,-89.80078125,373.1015625
2022-12-30,18105.30078125,-191.150390625,373.1015625
2023-01-02,18197.44921875,-301.75,373.1015625
2023-01-03,18232.55078125,-374.3515625,374.3515625
2023-01-04,18042.94921875,-86.349609375,243.0
2023-01-05,17992.150390625,-97.30078125,243.0
2023-01-06,17859.44921875,193.8515625,243.0
2023-01-09,18101.19921875,64.150390625,307.150390625
2023-01-10,17914.150390625,193.69921875,307.150390625
2023-01-11,17895.69921875,131.951171875,307.150390625
2023-01-12,17858.19921875,260.3515625,307.150390625
2023-01-13,17956.599609375,161.701171875,270.5
2023-01-16,17894.849609375,-2.900390625,273.400390625
2023-01-17,18053.30078125,-448.951171875,561.0
2023-01-18,18165.349609375,-516.400390625,561.0
2023-01-19,18107.849609375,-445.69921875,514.201171875
2023-01-20,18027.650390625,-411.349609375,514.201171875
2023-01-23,18118.55078125,-508.150390625,514.201171875
2023-01-24,18118.30078125,-264.25,513.951171875
2023-01-25,17891.94921875,-127.349609375,287.599609375
2023-01-27,17604.349609375,117.150390625,249.701171875
2023-01-30,17648.94921875,222.75,261.298828125
2023-01-31,17662.150390625,231.298828125,283.048828125
2023-02-01,17616.30078125,240.19921875,283.048828125
2023-02-02,17610.400390625,160.5,283.048828125
2023-02-03,17854.05078125,75.798828125,208.349609375
2023-02-06,17764.599609375,251.25,294.349609375
2023-02-07,17721.5,314.349609375,314.349609375
2023-02-08,17871.69921875,72.5,264.94921875
2023-02-09,17893.44921875,-48.849609375,264.94921875
2023-02-10,17856.5,-29.80078125,264.94921875
2023-02-13,17770.900390625,-216.599609375,481.548828125
2023-02-14,17929.849609375,-418.599609375,524.599609375
2023-02-15,18015.849609375,-550.048828125,570.048828125
2023-02-16,18035.849609375,-643.150390625,643.150390625
2023-02-17,17944.19921875,-640.25,640.25
2023-02-20,17844.599609375,-393.69921875,540.650390625
2023-02-21,17826.69921875,-504.798828125,522.75
2023-02-22,17554.30078125,40.048828125,290.400390625
2023-02-23,17511.25,200.19921875,407.5
2023-02-24,17465.80078125,288.599609375,450.451171875
2023-02-27,17392.69921875,196.900390625,450.451171875
2023-02-28,17303.94921875,108.951171875,450.451171875
2023-03-01,17450.900390625,-296.599609375,600.099609375
2023-03-02,17321.900390625,-278.599609375,711.099609375
2023-03-03,17594.349609375,-622.19921875,782.25
2023-03-06,17711.44921875,-725.849609375,782.25
2023-03-08,17754.400390625,-654.349609375,782.25
2023-03-09,17589.599609375,-601.19921875,617.44921875
2023-03-10,17412.900390625,-305.400390625,440.75
2023-03-13,17154.30078125,-2.400390625,182.150390625
2023-03-14,17043.30078125,33.599609375,179.75
2023-03-15,16972.150390625,-27.099609375,206.849609375
2023-03-16,16985.599609375,0.099609375,206.849609375
2023-03-17,17100.05078125,-148.3515625,206.849609375
2023-03-20,16988.400390625,92.298828125,206.849609375
2023-03-21,17107.5,252.25,414.69921875
2023-03-22,17151.900390625,246.150390625,453.0
2023-03-23,17076.900390625,480.150390625,612.0
2023-03-24,16945.05078125,654.099609375,654.099609375
2023-03-27,16985.69921875,638.3515625,672.3515625
2023-03-28,16951.69921875,770.6015625,770.6015625
2023-03-29,17080.69921875,731.701171875,731.701171875
2023-03-31,17359.75,468.25,468.25
2023-04-03,17398.05078125,308.798828125,429.94921875
2023-04-05,17557.05078125,103.099609375,270.94921875
2023-04-06,17599.150390625,19.599609375,228.849609375
2023-04-10,17624.05078125,0.3984375,209.25
2023-04-11,17722.30078125,-98.25,209.25
2023-04-12,17812.400390625,-69.0,209.25
2023-04-13,17828.0,-58.75,209.25
2023-04-17,17706.849609375,106.75,194.849609375
2023-04-18,17660.150390625,254.900390625,296.30078125
2023-04-19,17618.75,446.25,446.25
2023-04-20,17624.44921875,523.201171875,523.599609375
2023-04-21,17624.05078125,465.798828125,523.599609375
2023-04-24,17743.400390625,512.400390625,512.400390625
2023-04-25,17769.25,299.75,486.55078125
2023-04-26,17813.599609375,450.80078125,450.80078125
2023-04-27,17915.05078125,350.8984375,350.8984375
2023-04-28,18065.0,250.099609375,250.099609375
2023-05-02,18147.650390625,149.349609375,246.099609375
2023-05-03,18089.849609375,224.951171875,246.099609375
2023-05-04,18255.80078125,143.048828125,329.849609375
2023-05-05,18069.0,217.5,329.849609375
2023-05-08,18264.400390625,-82.650390625,217.099609375
2023-05-09,18265.94921875,-136.0,268.900390625
2023-05-10,18315.099609375,-111.69921875,268.900390625
2023-05-11,18297.0,17.400390625,268.900390625
2023-05-12,18314.80078125,33.19921875,268.900390625
2023-05-15,18398.849609375,-113.44921875,268.900390625
2023-05-16,18286.5,34.650390625,218.05078125
2023-05-17,18181.75,317.599609375,369.400390625
2023-05-18,18129.94921875,468.701171875,468.701171875
2023-05-19,18203.400390625,430.44921875,430.44921875
2023-05-22,18314.400390625,220.0,348.44921875
2023-05-23,18348.0,139.75,348.44921875
2023-05-24,18285.400390625,248.69921875,348.44921875
2023-05-25,18321.150390625,272.69921875,312.69921875
2023-05-26,18499.349609375,99.650390625,146.099609375
2023-05-29,18598.650390625,127.75,238.650390625
2023-05-30,18633.849609375,0.701171875,238.650390625
2023-05-31,18534.400390625,29.0,238.650390625
2023-06-01,18487.75,113.75,238.650390625
2023-06-02,18534.099609375,182.05078125,192.30078125
2023-06-05,18593.849609375,162.05078125,192.5
2023-06-06,18599.0,89.099609375,192.5
2023-06-07,18726.400390625,99.599609375,262.599609375
2023-06-08,18634.55078125,120.8984375,262.599609375
2023-06-09,18563.400390625,253.298828125,262.599609375
2023-06-12,18601.5,255.349609375,255.349609375
2023-06-13,18716.150390625,55.099609375,168.75
2023-06-14,18755.900390625,-90.400390625,191.349609375
2023-06-15,18688.099609375,3.099609375,191.349609375
2023-06-16,18826.0,-8.599609375,191.349609375
2023-06-19,18755.44921875,216.650390625,306.599609375
2023-06-20,18816.69921875,372.3515625,523.55078125
2023-06-21,18856.849609375,465.701171875,657.05078125
2023-06-22,18771.25,617.75,723.5
2023-06-23,18665.5,733.0,733.0
2023-06-26,18691.19921875,806.1015625,806.1015625
2023-06-27,18817.400390625,514.400390625,679.900390625
2023-06-28,18972.099609375,383.80078125,525.201171875
2023-06-30,19189.05078125,250.349609375,308.25
2023-07-03,19322.55078125,61.75,174.75
2023-07-04,19389.0,24.75,165.5
2023-07-05,19398.5,166.0,232.69921875
2023-07-06,19497.30078125,214.1484375,379.6484375
2023-07-07,19331.80078125,417.44921875,417.44921875
2023-07-10,19355.900390625,477.25,477.25
2023-07-11,19439.400390625,539.75,594.849609375
2023-07-12,19384.30078125,360.69921875,594.849609375
2023-07-13,19413.75,258.599609375,565.400390625
2023-07-14,19564.5,116.099609375,414.650390625
2023-07-17,19711.44921875,66.8515625,306.80078125
2023-07-18,19749.25,-89.349609375,319.25
2023-07-19,19833.150390625,-187.099609375,333.099609375
2023-07-20,19979.150390625,-225.349609375,333.099609375
2023-07-21,19745.0,-11.44921875,132.25
2023-07-24,19672.349609375,-145.798828125,251.75
2023-07-25,19680.599609375,-298.94921875,396.650390625
2023-07-26,19778.30078125,-261.30078125,396.650390625
2023-07-27,19659.900390625,-62.599609375,372.150390625
2023-07-28,19646.05078125,-75.201171875,372.150390625
2023-07-31,19753.80078125,-121.25,372.150390625
2023-08-01,19733.55078125,-190.451171875,351.900390625
2023-08-02,19526.55078125,-98.25,250.900390625
2023-08-03,19381.650390625,52.900390625,250.900390625
2023-08-04,19517.0,-52.0,204.25
2023-08-07,19597.30078125,-232.05078125,267.30078125
2023-08-08,19570.849609375,-260.69921875,322.400390625
2023-08-09,19632.55078125,-238.951171875,322.400390625
2023-08-10,19543.099609375,-146.650390625,232.94921875
2023-08-11,19428.30078125,15.69921875,154.849609375
2023-08-14,19434.55078125,-47.8515625,154.849609375
2023-08-16,19465.0,-199.19921875,199.19921875
2023-08-17,19365.25,-59.19921875,178.19921875
2023-08-18,19310.150390625,32.5,178.19921875
2023-08-21,19393.599609375,-46.150390625,178.19921875
2023-08-22,19396.44921875,-142.6484375,190.19921875
2023-08-23,19444.0,-8.69921875,190.19921875
2023-08-24,19386.69921875,142.1015625,275.0
2023-08-25,19265.80078125,309.099609375,321.099609375
2023-08-28,19306.05078125,305.0,357.25
2023-08-29,19342.650390625,384.400390625,473.25
2023-08-30,19347.44921875,472.5,566.1484375
2023-08-31,19253.80078125,742.548828125,742.548828125
2023-09-01,19435.30078125,557.8984375,561.048828125
2023-09-04,19528.80078125,541.19921875,541.19921875
2023-09-05,19574.900390625,528.19921875,528.19921875
2023-09-06,19611.05078125,581.298828125,581.298828125
2023-09-07,19727.05078125,406.25,465.298828125
2023-09-08,19819.94921875,81.451171875,372.400390625
2023-09-11,19996.349609375,-254.0,450.0
2023-09-12,19993.19921875,-318.94921875,518.099609375
2023-09-13,20070.0,-395.44921875,518.099609375
2023-09-14,20103.099609375,-438.400390625,527.650390625
2023-09-15,20192.349609375,-475.900390625,527.650390625
2023-09-18,20133.30078125,-609.75,609.75
2023-09-20,19901.400390625,-263.099609375,377.849609375
2023-09-21,19742.349609375,-213.599609375,218.798828125
2023-09-22,19674.25,-238.150390625,280.349609375
2023-09-25,19674.55078125,-128.80078125,280.349609375
2023-09-26,19664.69921875,-11.19921875,280.349609375
2023-09-27,19716.44921875,-204.099609375,280.349609375
2023-09-28,19523.55078125,166.298828125,253.75
2023-09-29,19638.30078125,173.048828125,375.25
2023-10-03,19528.75,265.25,375.25
2023-10-04,19436.099609375,314.951171875,375.25
2023-10-05,19545.75,186.0,299.0
2023-10-06,19653.5,158.0,299.150390625
2023-10-09,19512.349609375,158.75,299.150390625
2023-10-10,19689.849609375,-65.150390625,186.80078125
2023-10-11,19811.349609375,-268.69921875,268.849609375
2023-10-12,19794.0,-512.25,529.75
2023-10-13,19751.05078125,-628.900390625,689.349609375
2023-10-16,19731.75,-874.5,954.25
2023-10-17,19811.5,-764.25,954.25
2023-10-18,19671.099609375,-530.19921875,813.849609375
2023-10-19,19624.69921875,-545.099609375,767.44921875
2023-10-20,19542.650390625,-553.5,685.400390625
2023-10-23,19281.75,-148.5,424.5
2023-10-25,19122.150390625,108.44921875,373.349609375
2023-10-26,18857.25,554.5,554.5
2023-10-27,19047.25,359.44921875,422.599609375
2023-10-30,19140.900390625,302.599609375,454.349609375
2023-10-31,19079.599609375,315.701171875,454.349609375
2023-11-01,18989.150390625,436.19921875,454.349609375
2023-11-02,19133.25,310.30078125,310.30078125
2023-11-03,19230.599609375,444.849609375,444.849609375
2023-11-06,19411.75,353.44921875,369.8984375
2023-11-07,19406.69921875,325.1015625,369.8984375
2023-11-08,19443.5,250.5,369.8984375
2023-11-09,19395.30078125,388.099609375,388.099609375
2023-11-10,19425.349609375,386.5,386.5
2023-11-13,19443.55078125,358.44921875,368.298828125
2023-11-15,19675.44921875,119.25,136.400390625
2023-11-16,19765.19921875,124.5,195.69921875
2023-11-17,19731.80078125,364.798828125,402.599609375
2023-11-20,19694.0,439.150390625,439.150390625
2023-11-21,19783.400390625,484.5,484.5
2023-11-22,19811.849609375,874.951171875,892.1015625
2023-11-23,19802.0,1053.099609375,1060.400390625
2023-11-24,19794.69921875,1143.0,1143.0
2023-11-28,19889.69921875,1011.451171875,1048.0
2023-11-29,20096.599609375,872.80078125,872.80078125
2023-11-30,20133.150390625,863.94921875,863.94921875
2023-12-01,20267.900390625,638.5,729.19921875
2023-12-04,20686.80078125,239.548828125,310.298828125
2023-12-05,20855.099609375,327.599609375,327.599609375
2023-12-06,20937.69921875,518.951171875,555.5
2023-12-07,20901.150390625,517.5,555.5
2023-12-08,20969.400390625,483.69921875,550.25
2023-12-11,20997.099609375,153.05078125,550.25
2023-12-12,20906.400390625,348.650390625,550.25
2023-12-13,20926.349609375,423.05078125,530.30078125
2023-12-14,21182.69921875,258.650390625,306.5
2023-12-15,21456.650390625,198.099609375,504.599609375
2023-12-18,21418.650390625,360.048828125,628.548828125
2023-12-19,21453.099609375,278.30078125,628.548828125
