Date,Close,seven_Day_Percent_Change
2013-01-02,110.9499969,-0.180258633
2013-01-03,110.6699982,0.063250832
2013-01-04,110.7900009,0.054154308
2013-01-07,110.7300034,0.198675684
2013-01-08,110.8300018,0.135343791
2013-01-09,110.75,0.261851842
2013-01-10,110.7399979,0.05418565
2013-01-11,110.8499985,0.072171251
2013-01-15,110.9800034,-0.099117505
2013-01-16,111.0400009,-0.045031566
2013-01-17,110.8000031,0.036095023
2013-01-18,110.9300003,-0.324529532
2013-01-22,110.8700027,-0.47804311
2013-01-23,110.9899979,-0.630684712
2013-01-24,110.8399963,-0.405987877
2013-01-25,110.5699997,-0.569772321
2013-01-28,110.4100037,-0.144917722
2013-01-29,110.3399963,-0.290012421
2013-01-30,110.2900009,-0.072537701
2013-01-31,110.3899994,-0.12682253
2013-02-01,109.9400024,0.309256258
2013-02-04,110.25,-0.072564019
2013-02-05,110.0199966,0.118164776
2013-02-06,110.2099991,-0.154249315
2013-02-07,110.25,-0.009072232
2013-02-08,110.2799988,-0.027202375
2013-02-12,110.1500015,-0.027234479
2013-02-13,110.0400009,0.136315453
2013-02-14,110.2399979,0.009073056
2013-02-15,110.25,0.054419554
2013-02-19,110.1200027,0.526692869
2013-02-20,110.1900024,0.490063439
2013-02-21,110.25,0.526078758
2013-02-22,110.3099976,0.317293184
2013-02-25,110.7300034,-0.135466018
2013-02-26,110.6999969,-0.189701075
2013-02-27,110.7300034,-0.325115686
2013-02-28,110.8300018,-0.622577308
2013-03-01,110.6600037,-0.759085432
2013-03-04,110.5800018,-0.633029993
2013-03-05,110.4899979,-0.371070722
2013-03-06,110.3700027,-0.344300873
2013-03-07,110.1399994,-0.027236952
2013-03-08,109.8199997,0.355126016
2013-03-11,109.8799973,0.39133629
2013-03-12,110.0800018,0.35428723
2013-03-13,109.9899979,0.327303043
2013-03-14,110.1100006,0.236129448
2013-03-15,110.2099991,0.181475891
2013-03-18,110.3099976,0.054396872
2013-03-19,110.4700012,0.027155589
2013-03-20,110.3499985,0.344363288
2013-03-21,110.3700027,0.326176136
2013-03-25,110.3700027,0.181205892
2013-03-26,110.5,-0.045251631
2013-03-27,110.7300034,-0.144498923
2013-03-28,110.7300034,0.135459128
2013-04-01,110.5699997,0.397940167
2013-04-02,110.4499969,0.543237773
2013-04-03,110.5699997,0.226101113
2013-04-04,110.8799973,-0.036075863
2013-04-05,111.1999969,0
2013-04-08,111.0100021,0.216194811
2013-04-09,111.0500031,0.180096301
2013-04-10,110.8199997,0.38801688
2013-04-11,110.8399963,0.351864879
2013-04-12,111.1999969,0.035972047
2013-04-15,111.25,0.116851464
2013-04-16,111.25,0.071911758
2013-04-17,111.25,0.05393039
2013-04-18,111.2300034,0.026970043
2013-04-19,111.2399979,0.224739307
2013-04-22,111.3799973,0.161609184
2013-04-23,111.3300018,0.188627577
2013-04-24,111.3099976,0.071872997
2013-04-25,111.2600021,0.125830835
2013-04-26,111.4899979,-0.448470723
2013-04-29,111.5599976,-0.672283987
2013-04-30,111.5400009,-0.708266908
2013-05-01,111.3899994,-0.484784019
2013-05-02,111.4000015,-0.628370348
2013-05-03,110.9899979,-0.459495916
2013-05-06,110.8099976,-0.388051904
2013-05-07,110.75,-0.568846278
2013-05-08,110.8499985,-0.514208121
2013-05-09,110.6999969,-0.108396676
2013-05-10,110.4800034,-0.153879248
2013-05-13,110.3799973,-0.163073301
2013-05-14,110.1200027,0.154375377
2013-05-15,110.2799988,-0.326442342
2013-05-16,110.5800018,-0.633029993
2013-05-17,110.3099976,-0.389810819
2013-05-21,110.2900009,-0.988307152
2013-05-22,109.9199982,-0.518558683
2013-05-23,109.8799973,-0.509644678
2013-05-24,109.8799973,-0.700761433
2013-05-28,109.1999969,-0.430397074
2013-05-29,109.3499985,-0.621856712
2013-05-30,109.3199997,-0.338458423
2013-05-31,109.1100006,-0.458253136
2013-06-03,108.9700012,-0.532258259
2013-06-04,108.7300034,-0.303505767
2013-06-05,108.6699982,-0.414094926
2013-06-06,108.9499969,-0.183567649
2013-06-07,108.6100006,0.156521654
2013-06-10,108.3899994,0.286001993
2013-06-11,108.4000015,0.239854366
2013-06-12,108.2200012,-0.267973491
2013-06-13,108.75,-1.416092796
2013-06-14,108.7799988,-1.994850334
2013-06-17,108.6999969,-2.318304245
2013-06-18,108.6600037,-2.171912876
2013-06-19,107.9300003,-1.093301493
2013-06-20,107.2099991,-0.009329481
2013-06-21,106.6100006,0.562797552
2013-06-24,106.1800003,0.922964169
2013-06-25,106.3000031,0.809031595
2013-06-26,106.75,0.24356172
2013-06-28,107.2099991,-1.277868444
2013-07-01,107.1600037,-0.718555661
2013-07-02,107.1600037,-0.615904852
2013-07-03,107.0100021,-0.738249603
2013-07-05,105.8399963,0.916478887
2013-07-08,106.3899994,0.610961114
2013-07-09,106.5,0.666665807
2013-07-10,106.2200012,1.148560729
2013-07-11,106.9300003,0.289907002
2013-07-12,106.8099976,0.664730925
2013-07-15,107.0400009,0.579225281
2013-07-16,107.2099991,0.36377147
2013-07-17,107.4400024,-0.176845157
2013-07-18,107.2399979,0.046627241
2013-07-19,107.5199966,-0.241810375
2013-07-22,107.6600037,-0.371541438
2013-07-23,107.5999985,-0.353157304
2013-07-24,107.25,0.046622892
2013-07-25,107.2900009,-0.745645489
2013-07-26,107.2600021,-0.382252148
2013-07-29,107.2600021,-0.335633604
2013-07-30,107.2200012,-0.401044861
2013-07-31,107.3000031,-0.344830136
2013-08-01,106.4899979,0.55404637
2013-08-02,106.8499985,0.280770291
2013-08-05,106.9000015,0.168381948
2013-08-06,106.7900009,-0.131097845
2013-08-07,106.9300003,-0.39277861
2013-08-08,107.0800018,-0.88719141
2013-08-09,107.1500015,-1.23191757
2013-08-12,107.0800018,-1.475533997
2013-08-13,106.6500015,-0.787626775
2013-08-14,106.5100021,-1.023381791
2013-08-15,106.1299973,-0.546494127
2013-08-16,105.8300018,0.066143526
2013-08-19,105.5,0.559238235
2013-08-20,105.8099976,0.529255459
2013-08-21,105.4199982,0.711439967
2013-08-22,105.5500031,0.786351661
2013-08-23,105.9000015,0.29272668
2013-08-27,106.3700027,-0.582873677
2013-08-28,106.1699982,-0.536874545
2013-08-29,106.3799973,-1.400637246
2013-08-30,106.2099991,-0.875624059
2013-09-03,105.75,-0.425529029
2013-09-04,105.5999985,0.056823096
2013-09-05,104.8899994,0.619698284
2013-09-06,105.2799988,0.389441173
2013-09-09,105.4899979,0.398147509
2013-09-10,105.3000031,0.674263119
2013-09-11,105.6600037,1.173573557
2013-09-12,105.5400009,1.165430848
2013-09-13,105.6900024,1.021850863
2013-09-16,105.9100037,0.8875411
2013-09-17,106.0100021,1.028201411
2013-09-18,106.9000015,0.327407361
2013-09-19,106.7699966,0.430838933
2013-09-20,106.7699966,0.487032208
2013-09-23,106.8499985,0.327560579
2013-09-24,107.0999985,-0.158728451
2013-09-25,107.25,-0.167832452
2013-09-26,107.2300034,-0.074607692
2013-09-27,107.2900009,-0.214375389
2013-09-30,107.1999969,-0.149250035
2013-10-01,106.9300003,0.056109191
2013-10-02,107.0699997,-0.149431244
2013-10-03,107.1500015,-0.111995096
2013-10-04,107.0599976,0.009342552
2013-10-07,107.0400009,-0.158817421
2013-10-08,106.9899979,-0.158891646
2013-10-09,106.9100037,0.346080913
2013-10-10,107.0299988,0.513877472
2013-10-11,107.0699997,0.6444405
2013-10-14,106.8700027,0.739216707
2013-10-15,106.8199997,1.142109365
2013-10-16,107.2799988,0.680465478
2013-10-17,107.5800018,0.362520341
2013-10-18,107.7600021,0.231997026
2013-10-21,107.6600037,0.278650764
2013-10-22,108.0400009,0.046274918
2013-10-23,108.0100021,-0.111103365
2013-10-24,107.9700012,-0.064832541
2013-10-25,108.0100021,-0.518475305
2013-10-28,107.9599991,-0.370509012
2013-10-29,108.0899963,-0.786380334
2013-10-30,107.8899994,-0.444893623
2013-10-31,107.9000015,-0.379984853
2013-11-01,107.4499969,-0.586316679
2013-11-04,107.5599976,-0.74376668
2013-11-05,107.2399979,-0.484890576
2013-11-06,107.4100037,-0.381718321
2013-11-07,107.4899979,-0.148847368
2013-11-08,106.8199997,0.505524169
2013-11-11,106.7600021,0.758708826
2013-11-12,106.7200012,0.524735338
2013-11-13,107,-0.018688451
2013-11-14,107.3300018,-0.223614543
2013-11-15,107.3600006,-0.11177603
2013-11-18,107.5699997,-0.232406806
2013-11-19,107.2799988,0.06524953
2013-11-20,106.9800034,0.392595023
2013-11-22,107.2399979,0.186501848
2013-11-25,107.3199997,-0.456576468
2013-11-26,107.3499985,-0.363297061
2013-11-27,107.4000015,-0.670392189
2013-11-29,107.4400024,-0.75391397
2013-12-02,106.8300018,-0.065524379
2013-12-03,106.9599991,-0.028046727
2013-12-04,106.6800003,0.074992342
2013-12-05,106.4499969,0.140912663
2013-12-06,106.6299973,0.018760455
2013-12-09,106.7600021,-0.028099268
2013-12-10,106.9300003,-0.018700686
2013-12-11,106.7600021,0.093666609
2013-12-12,106.5999985,0.075048623
2013-12-13,106.6500015,0.196904905
2013-12-16,106.7300034,0.07495006
2013-12-17,106.9100037,-0.233841541
2013-12-19,106.6800003,-0.271841877
2013-12-20,106.8600006,-0.402395941
2013-12-23,106.8099976,-0.262146602
2013-12-24,106.6600037,-0.215641617
2013-12-26,106.3899994,0.10339375
2013-12-27,106.4300003,0.103354891
2013-12-30,106.5299988,0.140806841
2013-12-31,106.4300003,0.281878278
2014-01-02,106.5,0.056335736
2014-01-03,106.5400009,0.525621883
2014-01-06,106.6800003,0.487435922
2014-01-07,106.7300034,0.290450247
2014-01-08,106.4100037,0.507464775
2014-01-09,106.5599976,0.600600042
2014-01-10,107.0999985,0.140057449
2014-01-14,107.0400009,0.242901844
2014-01-15,106.9499969,0.112204535
2014-01-16,107.1999969,0.139926801
2014-01-17,107.25,0.307694015
2014-01-21,107.3000031,0.214348295
2014-01-22,107.0699997,0.728494239
2014-01-23,107.3499985,0.48440082
2014-01-24,107.5800018,0.455473002
2014-01-27,107.3499985,0.819753046
2014-01-28,107.5299988,0.409190409
2014-01-29,107.8499985,-0.139083475
2014-01-30,107.8700027,-0.203950325
2014-01-31,108.0699997,-0.231331545
2014-02-03,108.2300034,-0.277190282
2014-02-04,107.9700012,-0.231545797
2014-02-05,107.6999969,-0.148557138
2014-02-06,107.6500015,0.111467827
2014-02-07,107.8199997,-0.046376416
2014-02-11,107.7200012,0.111395392
2014-02-12,107.5400009,0.204576175
2014-02-13,107.7699966,-0.06495286
2014-02-14,107.7699966,0.027843008
2014-02-18,107.8399963,0.139096375
2014-02-19,107.7600021,0.426873678
2014-02-20,107.6999969,0.584962768
2014-02-21,107.8000031,0.435986622
2014-02-24,107.6999969,0.603529753
2014-02-25,107.9899979,-0.037041315
2014-02-26,108.2200012,-0.194048311
2014-02-27,108.3300018,-0.516943763
2014-02-28,108.2699966,-0.738889302
2014-03-03,108.3499985,-0.812180218
2014-03-04,107.9499969,-0.453911883
2014-03-05,108.0100021,-0.28701526
2014-03-06,107.7699966,0.194865659
2014-03-07,107.4700012,0.428025569
2014-03-10,107.4700012,0.372198308
2014-03-11,107.4599991,0.502513419
2014-03-12,107.6999969,-0.167131207
2014-03-13,107.9800034,-0.500093442
2014-03-14,107.9300003,-0.315022669
2014-03-17,107.8700027,-0.111247561
2014-03-18,108,-0.333333898
2014-03-19,107.5199966,0.427833639
2014-03-20,107.4400024,0.577061712
2014-03-21,107.5899963,0.288135699
2014-03-24,107.75,0.148495278
2014-03-25,107.6399994,-0.09290085
2014-03-26,107.9800034,-0.57418293
2014-03-27,108.0599976,-0.573750815
2014-03-28,107.9000015,-0.111216631
2014-03-31,107.9100037,0.027799813
2014-04-01,107.5400009,0.492838734
2014-04-02,107.3600006,0.670641968
2014-04-03,107.4400024,0.828368736
2014-04-04,107.7799988,0.603081771
2014-04-07,107.9400024,0.491012384
2014-04-08,108.0699997,0.379387122
2014-04-09,108.0800018,0.425609804
2014-04-10,108.3300018,-0.12923418
2014-04-14,108.4700012,-0.26735587
2014-04-15,108.4800034,-0.29498496
2014-04-16,108.5400009,-0.248760153
2014-04-17,108.1900024,0.16637425
2014-04-21,108.1800003,0.129413375
2014-04-22,108.1600037,0.194155952
2014-04-23,108.2699966,0.29555713
2014-04-24,108.3700027,0.166097906
2014-04-25,108.3899994,0.267553203
2014-04-28,108.3199997,0.295420694
2014-04-29,108.3700027,0.322966195
2014-04-30,108.5899963,0.119720865
2014-05-01,108.5500031,0.221094295
2014-05-02,108.6800003,0.009203291
2014-05-05,108.6399994,-0.036819694
2014-05-06,108.7200012,0.055185392
2014-05-07,108.7200012,0.340319272
2014-05-08,108.7900009,0.487176004
2014-05-09,108.6900024,0.469219335
2014-05-12,108.5999985,0.51565856
2014-05-13,108.7799988,0.395293537
2014-05-14,109.0899963,0.073335625
2014-05-15,109.3199997,-0.182946349
2014-05-16,109.1999969,0.027478397
2014-05-20,109.2099991,0.109882563
2014-05-21,109.1699982,0.421360348
2014-05-22,109.1200027,0.412387222
2014-05-23,109.2300034,0.402814976
2014-05-27,109.3300018,-0.448189413
2014-05-28,109.6299973,-0.757086767
2014-05-29,109.5699997,-0.574972397
2014-05-30,109.6699982,-0.720343694
2014-06-02,109.1299973,-0.320717019
2014-06-03,108.8399963,-0.202125688
2014-06-04,108.8000031,-0.091917372
2014-06-05,108.9400024,-0.027536973
2014-06-06,108.8799973,0
2014-06-09,108.7799988,0.036772307
2014-06-10,108.6200027,0
2014-06-11,108.6999969,0.193198454
2014-06-12,108.9100037,-0.14691365
2014-06-13,108.8799973,0.055111306
2014-06-16,108.8199997,0.01837589
2014-06-17,108.6200027,0.377459052
2014-06-18,108.9100037,0.247908029
2014-06-19,108.75,0.588505186
2014-06-20,108.9400024,0.413068605
2014-06-23,108.8399963,0.514521506
2014-06-24,109.0299988,0.03668799
2014-06-25,109.1800003,-0.448798189
2014-06-26,109.3899994,-0.7039004
2014-06-30,109.4000015,-0.685557577
2014-07-01,109.0699997,-0.183365681
2014-07-02,108.6900024,0.248409823
2014-07-03,108.6200027,0.359049328
2014-07-07,108.6500015,0.386560665
2014-07-08,108.8700027,0.055109357
2014-07-09,108.9599991,0.055063839
2014-07-10,109.0100021,0.302719196
2014-07-11,109.1600037,0.05496295
2014-07-14,109.0699997,0.174202294
2014-07-15,108.9300003,0.468192541
2014-07-16,109.0199966,0.403597922
2014-07-17,109.3399963,-0.201201389
2014-07-18,109.2200012,0.100714713
2014-07-21,109.2600021,0.08236897
2014-07-22,109.4400024,0.018271786
2014-07-23,109.4599991,-0.356293982
2014-07-24,109.1200027,-0.174122468
2014-07-25,109.3300018,-0.173788016
2014-07-28,109.3499985,-0.210329886
2014-07-29,109.4599991,-0.310612407
2014-07-30,109.0699997,0.055008305
2014-07-31,108.9300003,0.376384863
2014-08-01,109.1399994,0.219899088
2014-08-04,109.1200027,0.247430935
2014-08-05,109.1200027,0.201607025
2014-08-06,109.1299973,0.394025764
2014-08-07,109.3399963,0.256087816
2014-08-08,109.3799973,0.466266364
2014-08-11,109.3899994,0.2468272
2014-08-12,109.3399963,0.155483633
2014-08-13,109.5599976,-0.155164451
2014-08-14,109.6200027,-0.036490526
2014-08-15,109.8899994,-0.300301968
2014-08-18,109.6600037,-0.009121043
2014-08-19,109.5100021,0.136975183
2014-08-20,109.3899994,0.374809091
2014-08-21,109.5800018,0.401528385
2014-08-22,109.5599976,0.383356889
2014-08-26,109.6600037,-0.191507119
2014-08-27,109.8000031,-0.209474818
2014-08-28,110.0199966,-0.536262821
2014-08-29,109.9800034,-0.554646837
2014-09-02,109.4499969,-0.310640792
2014-09-03,109.5699997,-0.556722289
2014-09-04,109.4300003,-0.530020862
2014-09-05,109.3700027,-0.676607365
2014-09-08,109.2600021,-0.594912606
2014-09-09,109.1100006,-0.458253136
2014-09-10,108.9599991,-0.431352078
2014-09-11,108.8499985,-0.321542011
2014-09-12,108.6299973,0.046030611
2014-09-15,108.6100006,0.20256074
2014-09-16,108.6100006,0.294631888
2014-09-17,108.4899979,0.341047796
2014-09-18,108.5,0.525345341
2014-09-19,108.6800003,0.349647821
2014-09-22,108.8300018,0.321601092
2014-09-23,108.9300003,0.165244014
2014-09-24,108.8600006,0.615467725
2014-09-25,109.0699997,0.256714752
2014-09-26,109.0599976,0.220067393
2014-09-29,109.1800003,0.201503224
2014-09-30,109.1100006,0.650718615
2014-10-01,109.5299988,0.547793738
2014-10-02,109.3499985,0.512121807
2014-10-03,109.3000031,0.631285263
2014-10-06,109.4000015,0.831806234
2014-10-07,109.8199997,0.67382796
2014-10-08,110.1299973,0.57205566
2014-10-09,109.9100037,0.691469822
2014-10-10,109.9899979,0.481860887
2014-10-13,110.3099976,0.308225886
2014-10-14,110.5599976,-0.009039894
2014-10-15,110.7600021,-0.243774167
2014-10-16,110.6699982,-0.397573705
2014-10-17,110.5199966,-0.226203409
2014-10-20,110.6500015,-0.307278773
2014-10-21,110.5500031,-0.370876211
2014-10-22,110.4899979,-0.533981672
2014-10-23,110.2300034,-0.136080487
2014-10-24,110.2699966,-0.172299644
2014-10-27,110.3099976,-0.571115282
2014-10-28,110.1399994,-0.408568141
2014-10-29,109.9000015,-0.15468441
2014-10-30,110.0800018,-0.490553149
2014-10-31,110.0800018,-0.154431474
2014-11-03,109.6800003,-0.027351185
2014-11-04,109.6900024,0.009111593
2014-11-05,109.7300034,-0.018230449
2014-11-06,109.5400009,0.200840989
2014-11-07,109.9100037,-0.045494541
2014-11-10,109.6500015,0.072961085
2014-11-11,109.6999969,0.118509468
2014-11-12,109.7099991,-0.127608596
2014-11-13,109.7600021,0.009105782
2014-11-14,109.8600006,0.036410809
2014-11-17,109.7300034,0.191377999
2014-11-18,109.8300018,0.31867292
2014-11-19,109.5699997,0.638858219
2014-11-21,109.9000015,0.646041014
2014-11-24,109.9400024,0.127341629
2014-11-25,110.1800003,-0.290433558
2014-11-26,110.2699966,-0.462496166
2014-11-28,110.6100006,-0.895034679
2014-12-01,110.0800018,-0.172603959
2014-12-02,109.8600006,0.182047103
2014-12-03,109.7600021,0.446426616
2014-12-04,110.0899963,0.109004224
2014-12-05,109.6200027,0.857503
2014-12-08,109.8899994,0.336702838
2014-12-09,110.0599976,0.427040915
2014-12-10,110.25,0.126983573
2014-12-11,110.2099991,-0.099810009
2014-12-12,110.5599976,-0.253255052
2014-12-15,110.2600021,0.172315262
2014-12-16,110.5299988,-0.533788423
2014-12-17,110.3899994,-0.634112648
2014-12-19,110.2799988,-0.489663512
2014-12-22,110.4499969,-0.434581929
2014-12-23,109.9400024,0.136432502
2014-12-24,109.6900024,0.392014127
2014-12-26,109.7399979,0.628761122
2014-12-29,109.9700012,0.636534455
2014-12-30,110.0899963,0.781179616
2014-12-31,110.1200027,0.735558971
2015-01-02,110.4300003,0.543329233
2015-01-05,110.6699982,0.406618402
2015-01-06,110.9499969,0.18026551
2015-01-07,110.9300003,0.441718077
2015-01-08,110.7600021,1.056336355
2015-01-09,111.0299988,0.42331012
2015-01-13,111.1500015,0.485830777
2015-01-14,111.4199982,0.062825073
2015-01-15,111.9300003,-0.446707763
2015-01-16,111.5,0.188339986
2015-01-20,111.6900024,-0.080583728
2015-01-21,111.4899979,0.520227682
2015-01-22,111.4300003,0.493586153
2015-01-23,111.7099991,0.59976562
2015-01-26,111.6600037,0.483604933
2015-01-27,111.5999985,0.15232811
2015-01-28,112.0699997,-0.115996479
2015-01-29,111.9800034,-0.241118293
2015-01-30,112.3799973,-1.174585982
2015-02-02,112.1999969,-1.033864585
2015-02-03,111.7699966,-0.76048895
2015-02-04,111.9400024,-0.955868922
2015-02-05,111.7099991,-0.734043238
2015-02-06,111.0599976,-0.270120141
2015-02-10,110.9199982,-0.549946466
2015-02-11,110.8700027,-0.225489306
2015-02-12,110.8899994,-0.324646598
2015-02-13,110.7600021,-0.189598303
2015-02-17,110.3099976,0.843078892
2015-02-18,110.6200027,0.632794188
2015-02-19,110.5299988,0.352844833
2015-02-20,110.5500031,0.587963707
2015-02-23,110.75,-0.270883117
2015-02-24,111.2399979,-0.836030495
2015-02-25,111.3199997,-0.853392877
2015-02-26,110.9199982,-0.450775341
2015-02-27,111.1999969,-1.3489209
2015-03-02,110.4499969,-0.425526124
2015-03-03,110.3099976,-0.063457254
2015-03-04,110.3700027,0.081540578
2015-03-05,110.4199982,0.117736719
2015-03-06,109.6999969,0.583408758
2015-03-09,109.9800034,0.545552333
2015-03-10,110.2399979,0.290275491
2015-03-11,110.4599991,0.823830952
2015-03-12,110.5500031,0.388964535
2015-03-13,110.3399963,0.888166929
2015-03-16,110.5800018,0.687280244
2015-03-17,110.5599976,0.97684683
2015-03-18,111.3700027,0.053872279
2015-03-19,110.9800034,0.045049037
2015-03-20,111.3199997,-0.116777986
2015-03-23,111.3399963,-0.089813614
2015-03-24,111.6399994,-0.188103803
2015-03-25,111.4300003,0.134615028
2015-03-26,111.0299988,0.36026437
2015-03-30,111.2399979,0.233730799
2015-03-31,111.4300003,0.080764909
2015-04-01,111.5800018,-0.044813632
2015-04-02,111.4300003,-0.161536664
2015-04-06,111.5,-0.116589465
2015-04-07,111.5199966,-0.026899911
2015-04-08,111.5299988,0.09862872
2015-04-09,111.25,0.296630859
2015-04-10,111.25,0.377526444
2015-04-13,111.3700027,0.197533973
2015-04-14,111.4899979,-0.017935818
2015-04-15,111.6399994,-0.44786815
2015-04-16,111.5800018,-0.241982674
2015-04-17,111.6699982,-0.152232624
2015-04-20,111.5899963,-0.044802782
2015-04-21,111.4700012,-0.322957393
2015-04-22,111.1399994,-0.2519334
2015-04-23,111.3099976,-0.404273613
2015-04-24,111.5,-1.040362029
2015-04-27,111.5400009,-1.264123768
2015-04-28,111.1100006,-0.972011363
2015-04-29,110.8600006,-1.08244357
2015-04-30,110.8600006,-0.838896175
2015-05-01,110.3399963,-0.045310335
2015-05-04,110.1299973,-0.490330454
2015-05-05,110.0299988,-0.4089766
2015-05-06,109.6600037,-0.082075474
2015-05-07,109.9300003,-0.17283948
2015-05-08,110.2900009,-0.081606643
2015-05-11,109.5899963,0.173375717
2015-05-12,109.5800018,-0.164263827
2015-05-13,109.5699997,0
2015-05-14,109.7399979,0.154916896
2015-05-15,110.1999969,-0.372047227
2015-05-19,109.4000015,0.603287042
2015-05-20,109.5699997,0.547593754
2015-05-21,109.9100037,0.200157933
2015-05-22,109.7900009,0.346112806
2015-05-26,110.0599976,-0.754128857
2015-05-27,110.1699982,-1.243528311
2015-05-28,110.1299973,-0.998818216
2015-05-29,110.1699982,-1.470450344
2015-06-01,109.6600037,-0.866318207
2015-06-02,109.2300034,-0.759866159
2015-06-03,108.8000031,-0.615814136
2015-06-04,109.0299988,-0.293496926
2015-06-05,108.5500031,0.027635908
2015-06-08,108.7099991,0
2015-06-09,108.4000015,0.452027543
2015-06-10,108.1299973,0.712109768
2015-06-11,108.7099991,0.147183942
2015-06-12,108.5800018,0.580214812
2015-06-15,108.7099991,-0.036795986
2015-06-16,108.8899994,-0.431629372
2015-06-17,108.9000015,-0.28466959
2015-06-18,108.8700027,-0.367412066
2015-06-19,109.2099991,-0.915667071
2015-06-22,108.6699982,0.165639374
2015-06-23,108.4199982,0.332042627
2015-06-24,108.5899963,-0.276264327
2015-06-25,108.4700012,-0.027656291
2015-06-29,108.8499985,-0.018370825
2015-06-30,108.7799988,0.183861537
2015-07-01,108.2900009,0.877271161
2015-07-02,108.4400024,0.36886194
2015-07-06,108.8300018,-0.560507764
2015-07-07,108.9800034,-0.532209408
2015-07-08,109.2399979,-0.503474399
2015-07-09,108.8399963,-0.05512455
2015-07-10,108.3799973,0.378301968
2015-07-13,108.2200012,0.351134032
2015-07-14,108.4000015,0.350550967
2015-07-15,108.6900024,0.128806134
2015-07-16,108.7799988,0.330943753
2015-07-17,108.7900009,0.303338384
2015-07-20,108.5999985,0.607738187
2015-07-21,108.7799988,0.340138583
2015-07-22,108.8300018,0.211334856
2015-07-23,109.1399994,-0.064137525
2015-07-24,109.1200027,0.348237943
2015-07-27,109.2600021,0.128134163
2015-07-28,109.1500015,-0.064131648
2015-07-29,109.0599976,-0.165047047
2015-07-30,109.0699997,-0.055008305
2015-07-31,109.5,-0.27397539
2015-08-03,109.4000015,-0.310789728
2015-08-04,109.0800018,0.311694474
2015-08-05,108.8799973,0.431669023
2015-08-06,109.0100021,0.100908731
2015-08-07,109.1999969,-0.119045107
2015-08-10,109.0599976,0.183389494
2015-08-11,109.4199982,-0.329008057
2015-08-12,109.3499985,0.045727529
2015-08-13,109.1200027,0.412387222
2015-08-14,109.0699997,0.632623493
2015-08-17,109.2600021,0.421013249
2015-08-18,109.0599976,0.366771992
2015-08-19,109.4000015,-0.411338731
2015-08-20,109.5699997,-0.428950645
2015-08-21,109.7600021,-0.692421758
2015-08-24,109.7200012,-0.729131465
2015-08-25,109.4599991,-0.401975557
2015-08-26,108.9499969,-0.064249377
2015-08-27,109.0999985,-0.05499318
2015-08-28,109,0.247703342
2015-09-01,109.0199966,-0.00916759
2015-09-02,108.8799973,0.156140524
2015-09-03,109.0400009,-0.10088097
2015-09-04,109.2699966,-0.192183665
2015-09-08,109.0100021,-0.376115635
2015-09-09,109.0500031,-0.49518652
2015-09-10,108.9300003,0.238687355
2015-09-11,109.0599976,0.201724946
2015-09-14,109.0899963,-0.091666035
2015-09-15,108.5999985,0.598528117
2015-09-16,108.5100021,0.599024526
2015-09-17,109.1900024,0.100742383
2015-09-18,109.2799988,-0.155562016
2015-09-21,108.9899979,0.348660327
2015-09-22,109.25,0.265447062
2015-09-23,109.1600037,0.384754631
2015-09-24,109.3000031,0.14638246
2015-09-25,109.1100006,0.623224545
2015-09-28,109.3700027,0.009138252
2015-09-29,109.5400009,0.100420494
2015-09-30,109.5800018,-0.009127702
2015-10-01,109.4599991,-0.036543866
2015-10-02,109.7900009,-0.418980855
2015-10-05,109.3799973,0.210279176
2015-10-06,109.6500015,-0.027358667
2015-10-07,109.5699997,0.41982211
2015-10-08,109.4199982,0.420397635
2015-10-09,109.3300018,0.402446542
2015-10-12,109.6100006,0.246324826
2015-10-13,109.6200027,0.036490526
2015-10-14,110.0299988,-0.099973291
2015-10-15,109.8799973,0.054609747
2015-10-16,109.7699966,-0.018216857
2015-10-19,109.8799973,-0.072801423
2015-10-20,109.6600037,0.273568678
2015-10-21,109.9199982,-0.263829076
2015-10-22,109.9400024,-0.709476771
2015-10-23,109.75,-0.2733513
2015-10-26,109.8000031,-0.710388331
2015-10-27,109.9599991,-1.036740087
2015-10-28,109.6299973,-0.738846647
2015-10-29,109.1600037,-0.357280145
2015-10-30,109.4499969,-1.096388288
2015-11-02,109.0199966,-0.77049749
2015-11-03,108.8199997,-0.404339683
2015-11-04,108.8199997,-0.532991943
2015-11-05,108.7699966,-0.395329887
2015-11-06,108.25,0.277139078
2015-11-09,108.1800003,0.425216383
2015-11-10,108.3799973,0.313714685
2015-11-11,108.2399979,0.369550567
2015-11-12,108.3399963,0.323062687
2015-11-13,108.5500031,0.064486129
2015-11-16,108.6399994,0.009206679
2015-11-17,108.7200012,0.027592696
2015-11-18,108.6399994,0.147278777
2015-11-20,108.6200027,0.138090492
2015-11-23,108.6500015,0.147258196
2015-11-24,108.75,0.064367535
2015-11-25,108.8000031,-0.101103499
2015-11-27,108.7699966,-0.487265602
2015-11-30,108.8099976,-0.376799965
2015-12-01,108.8199997,-0.349197992
2015-12-02,108.6900024,-0.230011955
2015-12-03,107.8899994,0.49123995
2015-12-04,108.2399979,0.415747031
2015-12-07,108.4000015,-0.202953153
2015-12-08,108.4400024,-0.23054223
2015-12-09,108.4400024,-0.405756576
2015-12-10,108.4199982,-0.249028452
2015-12-11,108.6900024,-0.285219598
2015-12-14,108.1800003,0.092437118
2015-12-15,108.1900024,0.009237921
2015-12-16,108,0.166666949
2015-12-17,108.1500015,-0.129449272
2015-12-21,108.2799988,-0.24935043
2015-12-22,108.1999969,-0.425137798
2015-12-23,108.1800003,-0.425216383
2015-12-24,108.0100021,0
2015-12-28,108.0100021,-0.037034455
2015-12-29,107.7399979,0.25988378
2015-12-30,107.7200012,0.65911537
2015-12-31,108.0100021,0.379590801
2016-01-04,107.9700012,0.351947068
2016-01-05,108.0199966,0.527679793
2016-01-06,108.4300003,0.378120475
2016-01-07,108.4199982,0.350493349
2016-01-08,108.6600037,0.248478404
2016-01-12,108.5899963,0.211808974
2016-01-13,108.8399963,0.064321322
2016-01-14,108.8000031,-0.036765546
2016-01-15,108.9300003,-0.082625509
2016-01-19,108.8199997,0.09189347
2016-01-20,108.9100037,0.027544558
2016-01-21,108.7600021,0.248249943
2016-01-22,108.8399963,0.468579707
2016-01-25,108.7799988,0.193049354
2016-01-26,108.9199982,0.36724342
2016-01-27,108.9400024,0.339632007
2016-01-28,109.0299988,0.35769916
2016-01-29,109.3499985,-0.027433726
2016-02-01,108.9899979,0.68813654
2016-02-02,109.3199997,0.375049088
2016-02-03,109.3099976,0.631234523
2016-02-04,109.4199982,0.594042713
2016-02-05,109.3199997,0.411632775
2016-02-09,109.7300034,-0.209608448
2016-02-10,110,-0.50908869
2016-02-11,110.0699997,-0.272556603
2016-02-12,109.7699966,0.018223807
2016-02-16,109.5,0.310498939
2016-02-17,109.4400024,0.402042034
2016-02-18,109.7699966,0.355294735
2016-02-19,109.7900009,0.154839391
2016-02-22,109.8199997,0.245853801
2016-02-23,109.8399963,-0.273120386
2016-02-24,109.8799973,-0.418637692
2016-02-25,110.1600037,-0.55374055
2016-02-26,109.9599991,-0.527466202
2016-02-29,110.0899963,-0.672175391
2016-03-01,109.5400009,0.073034353
2016-03-02,109.4199982,0.137087853
2016-03-03,109.5500031,0.063897483
2016-03-04,109.3799973,0.036570595
2016-03-07,109.3499985,0.118888783
2016-03-08,109.6200027,-0.218943156
2016-03-09,109.5699997,0.255543287
2016-03-10,109.6200027,0.419630608
2016-03-11,109.4199982,0.685432291
2016-03-14,109.4800034,0.411031179
2016-03-15,109.3799973,0.438840162
2016-03-16,109.8499985,0.227583071
2016-03-17,110.0800018,0.027251798
2016-03-21,109.9300003,0.236516088
2016-03-22,109.8600006,0.600760995
2016-03-23,110.0999985,0.345145221
2016-03-24,110.1100006,0.653892668
2016-03-28,110.1900024,0.390235317
2016-03-29,110.5199966,0.226203409
2016-03-30,110.4800034,0.244385079
2016-03-31,110.8300018,0.144361662
2016-04-01,110.5100021,0.334806904
2016-04-04,110.6200027,0.307355207
2016-04-05,110.7699966,0.009029644
2016-04-06,110.75,0.072236416
2016-04-07,110.9899979,-0.315342356
2016-04-08,110.8799973,0.063131039
2016-04-11,110.9599991,-0.018021488
2016-04-12,110.7799988,0.135404881
2016-04-13,110.8300018,-0.153386417
2016-04-14,110.6399994,-0.117495711
2016-04-15,110.9499969,-0.387562251
2016-04-18,110.9400024,-0.486750409
2016-04-19,110.9300003,-0.522853898
2016-04-20,110.6600037,0.018070344
2016-04-21,110.5100021,0.35290868
2016-04-22,110.5199966,0.33478353
2016-04-25,110.4000015,0.190216559
2016-04-26,110.3499985,0.416854636
2016-04-27,110.6800003,0.162631284
2016-04-28,110.9000015,0.216409252
2016-04-29,110.8899994,0.072145217
2016-05-02,110.6100006,0.388753551
2016-05-03,110.8099976,0.25268368
2016-05-04,110.8600006,0.207465025
2016-05-05,111.1399994,-0.134966283
2016-05-06,110.9700012,0.207259372
2016-05-09,111.0400009,-0.027016192
2016-05-10,111.0899963,-0.207035498
2016-05-11,111.0899963,-0.621113363
2016-05-12,110.9899979,-0.468507661
2016-05-13,111.1999969,-0.593521628
2016-05-16,111.0100021,-0.441406615
2016-05-17,110.8600006,-0.360816817
2016-05-18,110.4000015,0.072465426
2016-05-19,110.4700012,0.162940439
2016-05-20,110.5400009,0.081415177
2016-05-24,110.4599991,0.217271289
2016-05-25,110.4800034,-0.054313166
2016-05-26,110.6500015,0.045183391
2016-05-27,110.6299973,0.605627601
2016-05-31,110.6999969,0.496841072
2016-06-01,110.4199982,0.787903243
2016-06-02,110.6999969,0.60524464
2016-06-03,111.3000031,0.197658208
2016-06-06,111.1500015,0.413854321
2016-06-07,111.25,0.278649491
2016-06-08,111.2900009,0.458264114
2016-06-09,111.3700027,0.448953926
2016-06-10,111.5199966,0.242112877
2016-06-13,111.6100006,-0.116474557
2016-06-14,111.5599976,-0.143417028
2016-06-15,111.8000031,-0.295171576
2016-06-16,111.8700027,-0.527401406
2016-06-17,111.7900009,0.080504819
2016-06-20,111.4800034,0.762467213
2016-06-21,111.4000015,0.960502406
2016-06-22,111.4700012,0.825332519
2016-06-23,111.2799988,1.20417324
2016-06-24,111.8799973,0.688241233
2016-06-28,112.4700012,0.426776671
2016-06-29,112.3899994,0.685118139
2016-06-30,112.6200027,0.408452383
2016-07-01,112.6500015,0.532621807
2016-07-05,112.9499969,-0.301014916
2016-07-06,113.1600037,-0.344650942
2016-07-07,113.0800018,-0.362578401
2016-07-08,113.25,-0.874170299
2016-07-11,112.9499969,-0.593181219
2016-07-12,112.6100006,-0.088800705
2016-07-13,112.7699966,-0.319227624
2016-07-14,112.6699982,-0.142004114
2016-07-15,112.2600021,0.2405101
2016-07-18,112.2799988,0.106878115
2016-07-19,112.5100021,-0.097769628
2016-07-20,112.4100037,0.284671901
2016-07-21,112.5100021,0.186649258
2016-07-22,112.5299988,0.435437545
2016-07-25,112.4000015,0.133453313
2016-07-26,112.4000015,-0.160142618
2016-07-27,112.7300034,-0.345965588
2016-07-28,112.7200012,-0.150814556
2016-07-29,113.0199966,-0.75207795
2016-08-01,112.5500031,-0.275437743
2016-08-02,112.2200012,0.276240915
2016-08-03,112.3399963,0.284856093
2016-08-04,112.5500031,-0.168816025
2016-08-05,112.1699982,0.410091015
2016-08-08,112.2399979,0.169282292
2016-08-09,112.5299988,-0.1510692
2016-08-10,112.6600037,-0.079889903
2016-08-11,112.3600006,0.329301125
2016-08-12,112.6299973,-0.133174021
2016-08-15,112.4300003,0.195678396
2016-08-16,112.3600006,0.284798588
2016-08-17,112.5699997,0.062183259
2016-08-18,112.7300034,-0.186291766
2016-08-19,112.4800034,-0.124472808
2016-08-22,112.6500015,0
2016-08-23,112.6800003,-0.079875725
2016-08-24,112.6399994,-0.062144616
2016-08-25,112.5199966,-0.053321685
2016-08-26,112.3399963,-0.026703561
2016-08-30,112.5899963,-0.035521172
2016-08-31,112.5699997,0.035534259
2016-09-01,112.4599991,-0.213407314
2016-09-02,112.3099976,-0.516422593
2016-09-06,112.5500031,-0.924034551
2016-09-07,112.6100006,-0.85249896
2016-09-08,112.2200012,-0.445553372
2016-09-09,111.7300034,0.062650759
2016-09-12,111.8199997,-0.09837293
2016-09-13,111.5100021,0.215225414
2016-09-14,111.6500015,0.340346841
2016-09-15,111.7200012,0.483352049
2016-09-16,111.8000031,0.384615647
2016-09-19,111.7099991,0.590818788
2016-09-20,111.75,0.680091397
2016-09-21,112.0299988,0.455237117
2016-09-22,112.2600021,0.249419895
2016-09-23,112.2300034,0.16929057
2016-09-26,112.3700027,-0.249182524
2016-09-27,112.5100021,-0.711050606
2016-09-28,112.5400009,-0.870804469
2016-09-29,112.5400009,-0.870804469
2016-09-30,112.4199982,-0.747194762
2016-10-03,112.0899963,-0.499596375
2016-10-04,111.7099991,-0.313309889
2016-10-05,111.5599976,-0.143417028
2016-10-06,111.5599976,0
2016-10-07,111.5800018,-0.188204948
2016-10-10,111.5299988,0.026897498
2016-10-11,111.3600006,0.341233164
2016-10-12,111.4000015,0.359067792
2016-10-13,111.5599976,0.179279833
2016-10-14,111.3700027,0.41303679
2016-10-17,111.5599976,0.089643336
2016-10-18,111.7399979,-0.071589586
2016-10-19,111.8000031,-0.322004115
2016-10-20,111.7600021,-0.536863335
2016-10-21,111.8300018,-0.599122023
2016-10-24,111.6600037,-0.322407844
2016-10-25,111.6600037,-0.564217143
2016-10-26,111.4400024,-0.251255181
2016-10-27,111.1600037,-0.134941994
2016-10-28,111.1600037,0.071963115
2016-10-31,111.3000031,-0.170711982
2016-11-01,111.0299988,-0.090064375
2016-11-02,111.1600037,-1.133503144
2016-11-03,111.0100021,-1.40528345
2016-11-04,111.2399979,-1.788922961
2016-11-07,111.1100006,-2.070023435
2016-11-08,110.9300003,-1.838998386
2016-11-09,109.9000015,-0.700640821
2016-11-10,109.4499969,-0.666967335
2016-11-11,109.25,-0.805489477
2016-11-14,108.8099976,-0.321660217
2016-11-15,108.8899994,-0.303059815
2016-11-16,109.1299973,-0.870518622
2016-11-18,108.3700027,-0.18455714
2016-11-21,108.4599991,0.082983559
2016-11-22,108.5599976,0.10132702
2016-11-23,108.1800003,0.05546086
2016-11-25,108.1699982,-0.138672024
2016-11-28,108.5500031,-0.405345398
2016-11-29,108.6699982,-0.533727653
2016-11-30,108.2399979,0.120107987
2016-12-01,107.6800003,0.455050021
2016-12-02,108.0199966,-0.166636096
2016-12-05,108.1100006,-0.342246549
2016-12-06,108.0899963,-0.194281702
2016-12-07,108.3700027,-0.996587435
2016-12-08,108.1699982,-0.933710385
2016-12-09,107.8399963,-0.565646329
2016-12-12,107.7399979,-0.213472928
2016-12-13,107.8799973,-0.435663333
2016-12-14,107.2900009,0.326217235
2016-12-15,107.1600037,0.214628331
2016-12-16,107.2300034,0.177184376
2016-12-20,107.4100037,-0.065177657
2016-12-21,107.6399994,-0.120770396
2016-12-22,107.3899994,0.41903059
2016-12-23,107.4199982,0.595791659
2016-12-27,107.3399963,0.77324563
2016-12-28,107.5100021,0.641795924
2016-12-29,107.8399963,0.751117596
2016-12-30,108.0599976,0.212847827
2017-01-03,108.1699982,0.249611054
2017-01-04,108.1999969,0.341961883
2017-01-05,108.6500015,-0.036816305
2017-01-06,108.2900009,0.120045482
2017-01-10,108.4400024,0.322757715
2017-01-11,108.5699997,-0.230266188
2017-01-12,108.6100006,-0.524813269
2017-01-13,108.4199982,-0.313591905
2017-01-17,108.7900009,-0.533138916
2017-01-18,108.3199997,-0.369277628
2017-01-19,108.0400009,-0.04628198
2017-01-20,108.0800018,0
2017-01-23,108.3799973,-0.322936412
2017-01-24,108.2099991,0.073932013
2017-01-25,107.9199982,0
2017-01-26,107.9899979,-0.00925503
2017-01-27,108.0800018,-0.064766556
2017-01-30,108.0299988,0.268444801
2017-01-31,108.2900009,0.129281918
2017-02-01,107.9199982,0.759821821
2017-02-02,107.9800034,0.463048698
2017-02-03,108.0100021,0.416625256
2017-02-06,108.3199997,-0.018460712
2017-02-07,108.4300003,-0.341236508
2017-02-08,108.7399979,-0.781679686
2017-02-09,108.4800034,-0.331858959
2017-02-10,108.4599991,-0.092198483
2017-02-14,108.0599976,0.268370278
2017-02-15,107.8899994,0.49123995
2017-02-16,108.1200027,0.443947203
2017-02-17,108.3600006,0.59062328
2017-02-21,108.3499985,0.387630987
2017-02-22,108.4199982,-0.350486312
2017-02-23,108.5999985,-0.699817815
2017-02-24,109,-0.990827368
2017-02-27,108.8000031,-0.854779668
2017-02-28,108.7699966,-0.956139853
2017-03-01,108.0400009,-0.52758209
2017-03-02,107.8399963,-0.649106984
2017-03-03,107.9199982,-0.574495115
2017-03-06,107.8700027,-0.695281339
2017-03-07,107.7300034,-0.529100229
2017-03-08,107.4700012,0.288450316
2017-03-09,107.1399994,0.485350266
2017-03-10,107.3000031,0.549856776
2017-03-13,107.1200027,0.868185475
2017-03-14,107.1600037,1.035827681
2017-03-15,107.7799988,0.59380163
2017-03-16,107.6600037,0.733785305
2017-03-17,107.8899994,0.435630015
2017-03-20,108.0500031,0.527533252
2017-03-21,108.2699966,0.092367329
2017-03-22,108.4199982,0.175246675
2017-03-23,108.4499969,-0.036877167
2017-03-24,108.3600006,0.119967933
2017-03-27,108.6200027,0.046027823
2017-03-28,108.3700027,0.1845501
2017-03-29,108.6100006,0.073659728
2017-03-30,108.4100037,0.24905141
2017-03-31,108.4899979,-0.046082978
2017-04-03,108.6699982,-0.082816177
2017-04-04,108.5699997,0.29474044
2017-04-05,108.6900024,0.404816268
2017-04-06,108.6800003,0.542874803
2017-04-10,108.5800018,0.580214812
2017-04-11,108.8899994,0.697954027
2017-04-12,109.1299973,0.32072401
2017-04-13,109.2699966,0.03660741
2017-04-17,109.2099991,-0.027468894
2017-04-18,109.6500015,-0.756955604
2017-04-19,109.4800034,-0.474976486
2017-04-20,109.3099976,-0.228707351
2017-04-21,109.3399963,-0.082308708
2017-04-24,109.1800003,-0.412160604
2017-04-25,108.8199997,0.05513468
2017-04-26,108.9599991,-0.17437816
2017-04-27,109.0599976,-0.348429545
2017-04-28,109.25,-0.503435288
2017-05-01,108.7300034,-0.220735295
2017-05-02,108.8799973,-0.349005569
2017-05-03,108.7699966,-0.220647119
2017-05-04,108.6800003,-0.147224569
2017-05-05,108.6999969,0.202393033
2017-05-08,108.4899979,0.359479581
2017-05-09,108.5,0.479259579
2017-05-10,108.5299988,0.967477254
2017-05-11,108.5199966,0.921489155
2017-05-12,108.9199982,0.550861627
2017-05-15,108.8799973,0.523511856
2017-05-16,109.0199966,0.201798961
2017-05-17,109.5800018,-0.136887683
2017-05-18,109.5199966,-0.03651688
2017-05-19,109.5199966,-0.073040727
2017-05-23,109.2399979,0.375323755
2017-05-24,109.4300003,0.301564315
2017-05-25,109.4800034,0
2017-05-26,109.4400024,0.365491491
2017-05-30,109.6500015,0.218876298
2017-05-31,109.7600021,0
2017-06-01,109.4800034,0.155277826
2017-06-02,109.8399963,-0.254915139
2017-06-05,109.6699982,-0.100301461
2017-06-06,109.8899994,-0.273003052
2017-06-07,109.7600021,0.163994444
2017-06-08,109.6500015,0.200639505
2017-06-09,109.5599976,0.346846378
2017-06-12,109.5599976,0.2099337
2017-06-13,109.5899963,0.337624563
2017-06-14,109.9400024,0.036384314
2017-06-15,109.8700027,0.145623035
2017-06-16,109.9400024,0.100055128
2017-06-19,109.7900009,0.327899269
2017-06-20,109.9599991,-0.127318471
2017-06-21,109.9800034,-0.109113241
2017-06-22,110.0299988,-0.345357864
2017-06-23,110.0500031,-0.49068687
2017-06-26,110.1500015,-0.9623288
2017-06-28,109.8600006,-0.646276243
2017-06-29,109.6500015,-0.647513976
2017-06-30,109.5100021,-0.557027302
2017-07-03,109.0899963,-0.128333848
2017-07-05,109.1500015,0.210715277
2017-07-06,108.9400024,0.293739386
2017-07-07,108.9000015,0.431589728
2017-07-10,108.9499969,0.431391679
2017-07-11,109.0500031,0.568542045
2017-07-12,109.3799973,0.292557783
2017-07-13,109.2600021,0.430167684
2017-07-14,109.3700027,0.502875934
2017-07-17,109.4199982,0.365565283
2017-07-18,109.6699982,-0.218836389
2017-07-19,109.6999969,-0.054692398
2017-07-20,109.7300034,-0.227831944
2017-07-21,109.9199982,-0.200146674
2017-07-24,109.8199997,-0.154797095
2017-07-25,109.4300003,0.265010431
2017-07-26,109.6399994,0
2017-07-27,109.4800034,0.34709284
2017-07-28,109.6999969,-0.018228481
2017-07-31,109.6500015,0.018236792
2017-08-01,109.7200012,-0.136713019
2017-08-02,109.6399994,0.027361163
2017-08-03,109.8600006,-0.072821619
2017-08-04,109.6800003,0.173233444
2017-08-07,109.6699982,0.136775352
2017-08-08,109.5699997,0.082142893
2017-08-09,109.6699982,0.173249243
2017-08-10,109.7799988,0.218617113
2017-08-11,109.8700027,0.072808046
2017-08-14,109.8199997,0.191221167
2017-08-15,109.6600037,0.246212506
2017-08-16,109.8600006,0.291279531
2017-08-17,110.0199966,0.018182397
2017-08-18,109.9499969,0.154621012
2017-08-21,110.0299988,0.118154035
2017-08-22,109.9300003,0.354770662
2017-08-23,110.1800003,0.108915181
2017-08-24,110.0400009,0.372588176
2017-08-25,110.1200027,-0.13621642
2017-08-29,110.3199997,0.090644012
2017-08-30,110.3000031,0
2017-08-31,110.4499969,0.108648936
2017-09-01,109.9700012,0.427390393
2017-09-05,110.4199982,-0.398473845
2017-09-06,110.3000031,-0.389846141
2017-09-07,110.5699997,-0.578818297
2017-09-08,110.4400024,-0.479897472
2017-09-11,110.1399994,-0.254220792
2017-09-12,109.9800034,-0.163666394
2017-09-13,109.8700027,-0.145629979
2017-09-14,109.9300003,-0.218318806
2017-09-15,109.9100037,-0.127383327
2017-09-18,109.8600006,0.154740732
2017-09-19,109.8000031,0.173037165
2017-09-20,109.7099991,-0.036460592
2017-09-21,109.6900024,-0.009118549
2017-09-22,109.7699966,-0.163979512
2017-09-25,110.0299988,-0.545304445
2017-09-26,109.9899979,-0.427312692
2017-09-27,109.6699982,-0.164129031
2017-09-28,109.6800003,-0.218816432
2017-09-29,109.5899963,-0.282870307
2017-10-02,109.4300003,0
2017-10-03,109.5199966,-0.073040727
2017-10-04,109.4899979,-0.027398648
2017-10-05,109.4400024,0.137055823
2017-10-06,109.2799988,0.530748387
2017-10-09,109.4300003,0.292424101
2017-10-10,109.4400024,0.246707453
2017-10-11,109.4599991,0.073087732
2017-10-12,109.5899963,0.027380609
2017-10-13,109.8600006,-0.509737444
2017-10-16,109.75,-0.30068504
2017-10-17,109.7099991,-0.473973792
2017-10-18,109.5400009,-0.383419906
2017-10-19,109.6200027,-0.565592712
2017-10-20,109.3000031,-0.05489953
2017-10-23,109.4199982,0.109671677
2017-10-24,109.1900024,0.256432616
2017-10-25,109.1200027,0.155790107
2017-10-26,109,0.321099518
2017-10-27,109.2399979,0.192236441
2017-10-30,109.5400009,0.009131035
2017-10-31,109.4700012,0.100484707
2017-11-01,109.2900009,0.201300411
2017-11-02,109.3499985,0.073161255
2017-11-03,109.4499969,-0.42028241
2017-11-06,109.5500031,-0.51118683
2017-11-07,109.5800018,-0.438039194
2017-11-08,109.5100021,-0.1826359
2017-11-09,109.4300003,-0.219316333
2017-11-10,108.9899979,0.293604644
2017-11-13,108.9899979,0.23855596
2017-11-14,109.0999985,0.238315435
2017-11-15,109.3099976,0.219564082
2017-11-17,109.3099976,0.201263586
2017-11-20,109.25,0.256291789
2017-11-21,109.3600006,0.155448215
2017-11-22,109.5500031,-0.264720135
2017-11-24,109.5299988,-0.337802539
2017-11-27,109.5299988,-0.346934409
2017-11-28,109.5299988,-0.246504744
2017-11-29,109.2600021,0.10067784
2017-11-30,109.0800018,0.137515148
2017-12-01,109.1600037,0.027481475
2017-12-04,109.1500015,0
2017-12-05,109.2600021,-0.146443034
2017-12-06,109.3700027,0.036573937
2017-12-07,109.2300034,0.192254031
2017-12-08,109.1900024,0.256432616
2017-12-11,109.1500015,0.164910951
2017-12-12,109.0999985,-0.08248977
2017-12-13,109.4100037,-0.594096978
2017-12-14,109.4400024,-0.566522965
2017-12-15,109.4700012,-0.548093969
2017-12-19,109.0100021,-0.04587015
2017-12-20,108.7600021,0.4965069
2017-12-21,108.8199997,0.367580892
2017-12-22,108.8700027,0.422521423
2017-12-26,108.9599991,0.192730439
2017-12-27,109.3000031,-0.10979208
2017-12-28,109.2200012,-0.100714713
2017-12-29,109.3300018,-0.265252822
2018-01-02,109.1699982,-0.421360348
2018-01-03,109.1800003,-0.43048289
2018-01-04,109.1100006,-0.320775797
2018-01-05,109.0400009,-0.27513119
2018-01-09,108.7099991,0.055190469
2018-01-10,108.7099991,-0.055190469
2018-01-11,108.7600021,-0.321808079
2018-01-12,108.7399979,-0.514987649
2018-01-16,108.7699966,-0.340162847
2018-01-17,108.6500015,-0.33133972
2018-01-18,108.4100037,0.147584196
2018-01-19,108.1800003,0.17563546
2018-01-22,108.1399994,0.036989935
2018-01-23,108.4000015,-0.35977803
2018-01-24,108.2900009,-0.17545705
2018-01-25,108.5699997,-0.967120802
2018-01-26,108.3700027,-1.079639908
2018-01-29,108.1800003,-0.508414726
2018-01-30,108.0100021,-0.638831986
2018-01-31,108.0999985,-0.943567676
2018-02-01,107.5199966,-0.576632381
2018-02-02,107.1999969,-0.410442933
2018-02-05,107.6299973,-0.780448164
2018-02-06,107.3199997,-0.465896386
2018-02-07,107.0800018,-0.579008905
2018-02-08,106.9000015,-0.289995494
2018-02-09,106.7600021,0.037468073
2018-02-13,106.8199997,-0.121697485
2018-02-14,106.4599991,-0.103325767
2018-02-15,106.5899963,-0.215776091
2018-02-16,106.8000031,-0.159181455
2018-02-20,106.6900024,-0.19683108
2018-02-21,106.3499985,0.39492071
2018-02-22,106.3600006,0.253851675
2018-02-23,106.6299973,-0.159428091
2018-02-26,106.7099991,-0.290504696
2018-02-27,106.4800034,-0.056353481
2018-02-28,106.7699966,-0.346534728
2018-03-01,106.6299973,-0.056267054
2018-03-02,106.4599991,-0.084535355
2018-03-05,106.4000015,0.028194341
2018-03-06,106.4199982,0.140952385
2018-03-07,106.4000015,0.32894593
2018-03-08,106.5699997,0.178288864
2018-03-09,106.3700027,0.31023239
2018-03-12,106.4300003,0.150329825
2018-03-13,106.5699997,-0.140753989
2018-03-14,106.75,-0.31849774
2018-03-15,106.7600021,-0.140503487
2018-03-16,106.6999969,-0.084345211
2018-03-19,106.5899963,-0.018760338
2018-03-20,106.4199982,0.432248724
2018-03-21,106.4100037,0.498072325
2018-03-22,106.6100006,0.600318343
2018-03-26,106.5699997,0.309657344
2018-03-27,106.8799973,-0.093561449
2018-03-28,106.9400024,-0.112215021
2018-03-29,107.25,-0.540794248
2018-04-02,106.9000015,0.093543941
2018-04-03,106.7799988,0.131110125
2018-04-04,106.8199997,0.177871599
2018-04-05,106.6699982,0.093745642
2018-04-06,106.9100037,-0.102890849
2018-04-09,107,-0.168224584
2018-04-10,106.9199982,-0.065469226
2018-04-11,107.0100021,-0.429865503
2018-04-12,106.7699966,-0.449560497
2018-04-13,106.8000031,-0.749066506
2018-04-16,106.8199997,-0.814456796
2018-04-17,106.8499985,-0.973327965
2018-04-18,106.5500031,-0.825907891
2018-04-19,106.2900009,-0.413964096
2018-04-20,106,-0.018864758
2018-04-23,105.9499969,0.047194953
2018-04-24,105.8099976,-0.132312062
2018-04-25,105.6699982,0
2018-04-26,105.8499985,-0.056681681
2018-04-27,105.9800034,-0.113231499
2018-04-30,106,-0.179247586
2018-05-01,105.6699982,0.018930891
2018-05-02,105.6699982,-0.094632796
2018-05-03,105.7900009,0.018902205
2018-05-04,105.8600006,0
2018-05-07,105.8099976,-0.047250188
2018-05-08,105.6900024,-0.378466758
2018-05-09,105.5699997,-0.378896966
2018-05-10,105.8099976,-0.737169263
2018-05-11,105.8600006,-0.528998257
2018-05-14,105.7600021,-0.425495999
2018-05-15,105.2900009,0.018991968
2018-05-16,105.1699982,0.40886214
2018-05-17,105.0299988,0.818814263
2018-05-18,105.3000031,0.778727133
2018-05-22,105.3099976,1.433863993
2018-05-23,105.5999985,0.89962556
2018-05-24,105.8899994,0.538294171
2018-05-25,106.1200027,-0.037694039
2018-05-29,106.8199997,-0.851896682
2018-05-30,106.5500031,-0.825907891
2018-05-31,106.4599991,-0.526016873
2018-06-01,106.0800018,-0.311087694
2018-06-04,105.8300018,-0.179535517
2018-06-05,105.9100037,-0.226612676
2018-06-06,105.6699982,-0.094632796
2018-06-07,105.9000015,-0.056662122
2018-06-08,105.75,0.122928845
2018-06-11,105.6399994,0.246120918
2018-06-12,105.6699982,0.321760171
2018-06-13,105.5699997,0.227335289
2018-06-14,105.8399963,0
2018-06-15,105.8799973,0.056672827
2018-06-18,105.9000015,-0.018889775
2018-06-19,106.0100021,0.037733152
2018-06-20,105.8099976,0.406389108
2018-06-21,105.8399963,0.36848737
2018-06-22,105.9400024,0.358690999
2018-06-25,105.8799973,0.103891777
2018-06-26,106.0500031,0.150868485
2018-06-28,106.2300034,0.075302833
2018-06-29,106.3199997,0.094054246
2018-07-02,105.9899979,0.311351861
2018-07-03,106.2099991,0.028244779
2018-07-05,106.3099976,0.094070272
2018-07-06,106.4199982,0.084574299
2018-07-09,106.3199997,0.06583869
2018-07-10,106.2399979,0.103539733
2018-07-11,106.2799988,0.037637294
2018-07-12,106.4100037,0.065783002
2018-07-13,106.5100021,-0.225336108
2018-07-16,106.3899994,-0.460567597
2018-07-17,106.3499985,-0.282083147
2018-07-18,106.3199997,-0.24454678
2018-07-19,106.4800034,-0.450792019
2018-07-20,106.2699966,-0.178784999
2018-07-23,105.9000015,0.066099805
2018-07-24,106.0500031,0.009424334
2018-07-25,106.0599976,-0.339431094
2018-07-26,106,-0.245285034
2018-07-27,106.0800018,-0.103695898
2018-07-30,105.9700012,0.066056142
2018-07-31,106.0599976,-0.198000273
2018-08-01,105.6999969,0.141912517
2018-08-02,105.7399979,0.245888161
2018-08-03,105.9700012,0.245354471
2018-08-06,106.0400009,0.235760088
2018-08-07,105.8499985,0.321213011
2018-08-08,105.8499985,0.462917214
2018-08-09,106,0.37735993
2018-08-10,106.2300034,0.216507315
2018-08-13,106.2900009,0.357509879
2018-08-14,106.1900024,0.367265638
2018-08-15,106.3399963,0.310327104
2018-08-16,106.4000015,0.197367558
2018-08-17,106.4599991,0.253620397
2018-08-20,106.6699982,-0.074999374
2018-08-21,106.5800018,-0.178272132
2018-08-22,106.6699982,-0.281236925
2018-08-23,106.6100006,-0.178221968
2018-08-24,106.7300034,-0.299821685
2018-08-28,106.3899994,-0.310181251
2018-08-29,106.3700027,-0.338441855
2018-08-30,106.4199982,-0.216120778
2018-08-31,106.4100037,-0.563862497
2018-09-04,106.0599976,-0.311139175
2018-09-05,106.0100021,-0.198093652
2018-09-06,106.1900024,-0.301346348
2018-09-07,105.8099976,-0.132312062
2018-09-10,105.9100037,-0.226612676
2018-09-11,105.7300034,-0.27428441
2018-09-12,105.8000031,-0.529305455
2018-09-13,105.8700027,-0.462836951
2018-09-14,105.6699982,-0.198731038
2018-09-17,105.6699982,-0.293363835
2018-09-18,105.4400024,-0.123297496
2018-09-19,105.2399979,0.304066611
2018-09-20,105.3799973,0.237236673
2018-09-21,105.4599991,0.056891294
2018-09-24,105.3600006,-0.113897823
2018-09-25,105.3099976,0.047481771
2018-09-26,105.5599976,-0.663127098
2018-09-27,105.6299973,-1.012969538
2018-09-28,105.5199966,-1.127743413
2018-10-01,105.2399979,-0.902695712
2018-10-02,105.3600006,-0.873194916
2018-10-03,104.8600006,-0.429140707
2018-10-04,104.5599976,0.153025694
2018-10-05,104.3300018,0.40256701
2018-10-08,104.2900009,0.373956646
2018-10-09,104.4400024,0.287241876
2018-10-10,104.4100037,0.114926839
2018-10-11,104.7200012,-0.248283168
2018-10-12,104.75,-0.362765874
2018-10-15,104.6800003,-0.315248214
2018-10-16,104.7399979,-0.248228482
2018-10-17,104.5299988,0.210467065
2018-10-18,104.4599991,0.19146523
2018-10-19,104.3700027,0.507807574
2018-10-22,104.3499985,0.421660228
2018-10-23,104.4800034,0.153135555
2018-10-24,104.75,-0.152748126
2018-10-25,104.6600037,-0.305758946
2018-10-26,104.9000015,-0.829363903
2018-10-29,104.7900009,-0.658462101
2018-10-30,104.6399994,-0.506497307
2018-10-31,104.5899963,-0.372884026
2018-11-01,104.3399963,-0.316268174
2018-11-02,104.0299988,0.105739317
2018-11-05,104.0999985,0.20172823
2018-11-06,104.1100006,0.230523353
2018-11-07,104.1999969,0.153554383
2018-11-08,104.0100021,0.46148997
2018-11-09,104.1399994,0.499331933
2018-11-12,104.3099976,0.325955302
2018-11-13,104.3499985,0.249163527
2018-11-14,104.3600006,0.306630599
2018-11-16,104.6600037,-0.009556789
2018-11-19,104.6500015,-0.019115406
2018-11-20,104.6100006,0.047799495
2018-11-21,104.6800003,0.171952909
2018-11-23,104.6500015,0.219776134
2018-11-26,104.6299973,0.162482847
2018-11-27,104.6600037,0.401297682
2018-11-29,104.9100037,0.409868135
2018-11-30,104.8799973,0.572088214
2018-12-03,104.8000031,0.715648834
2018-12-04,105.0800018,0.475827932
2018-12-06,105.3399963,0.180370655
2018-12-07,105.4800034,0.075838262
2018-12-10,105.5500031,0.180004554
2018-12-11,105.5800018,0.246253554
2018-12-12,105.5,0.417063926
2018-12-13,105.5299988,0.29375302
2018-12-14,105.5599976,0.217888748
2018-12-17,105.7399979,0.113488509
2018-12-19,105.9400024,-0.264299389
2018-12-20,105.8399963,-0.009443034
2018-12-21,105.7900009,0.406465924
2018-12-24,105.8600006,0.59512304
2018-12-26,105.6600037,0.861249291
2018-12-27,105.8300018,1.114996017
2018-12-28,106.2200012,0.44247902
2018-12-31,106.4899979,0.018785119
2019-01-02,106.5699997,-0.046920383
2019-01-03,107.0100021,-0.570040742
2019-01-04,106.6900024,-0.13122072
2019-01-07,106.5100021,-0.103277259
2019-01-08,106.4300003,-0.009397854
2019-01-09,106.5199966,-0.009382752
2019-01-10,106.4000015,0.028194341
2019-01-11,106.5500031,-0.187709594
2019-01-15,106.4199982,0.018797475
2019-01-16,106.5100021,0.037556018
2019-01-17,106.4300003,0.281878278
2019-01-18,106.3499985,0.310297918
2019-01-22,106.4400024,0.432167488
2019-01-23,106.5500031,0.55372719
2019-01-24,106.7300034,0.683964869
2019-01-25,106.6800003,0.271841877
2019-01-28,106.6200027,0.243851529
2019-01-29,106.9000015,0.196444417
2019-01-30,107.1399994,-0.083998822
2019-01-31,107.4599991,-0.335008946
2019-02-01,106.9700012,0.345886803
2019-02-04,106.8799973,0.327475779
2019-02-05,107.1100006,0.130706179
2019-02-06,107.0500031,0.009336298
2019-02-07,107.0999985,0.112047384
2019-02-08,107.3399963,-0.037258513
2019-02-12,107.25,0.102564672
2019-02-13,107.0599976,0.28956211
2019-02-14,107.2200012,-0.083943263
2019-02-15,107.3000031,0.09319522
2019-02-19,107.3600006,0.121085369
2019-02-20,107.3700027,-0.10245004
2019-02-21,107.1299973,-0.056004443
2019-02-22,107.4000015,-0.716949964
2019-02-25,107.3700027,-0.568129454
2019-02-26,107.4899979,-0.614006927
2019-02-27,107.2600021,-0.251728759
2019-02-28,107.0699997,0.205474196
2019-03-01,106.6299973,0.750260782
2019-03-04,106.7600021,0.636942948
2019-03-05,106.8300018,0.758211687
2019-03-06,106.9899979,0.56079866
2019-03-07,107.2900009,0.130486894
2019-03-08,107.4300003,0.25132332
2019-03-11,107.4400024,0.223378498
2019-03-12,107.6399994,-0.018577335
2019-03-13,107.5899963,0.436844722
2019-03-14,107.4300003,0.605046564
2019-03-15,107.6999969,0.854230106
2019-03-18,107.6800003,1.058691852
2019-03-19,107.6200027,1.133612303
2019-03-20,108.0599976,0.934667924
2019-03-21,108.0800018,0.925240547
2019-03-22,108.6200027,0.414285525
2019-03-25,108.8199997,-0.468665813
2019-03-26,108.8399963,-0.37669611
2019-03-27,109.0699997,-0.770144256
2019-03-28,109.0800018,-0.705907829
2019-03-29,109.0699997,-0.62345311
2019-04-01,108.3099976,0.027697147
2019-04-02,108.4300003,-0.027666494
2019-04-03,108.2300034,0.351101581
2019-04-04,108.3099976,0.15696224
2019-04-05,108.3899994,-0.110713855
2019-04-08,108.3399963,-0.083068434
2019-04-09,108.4000015,-0.313656792
2019-04-10,108.6100006,-0.515604047
2019-04-11,108.4800034,-0.267331219
2019-04-15,108.25,-0.175521886
2019-04-16,108.0599976,0.175830507
2019-04-17,108.0500031,0.416471019
2019-04-18,108.1900024,0.277285715
2019-04-22,108.0599976,0.425688594
2019-04-23,108.25,0.314084377
2019-04-24,108.5,-0.092164492
2019-04-25,108.4899979,-0.304170161
2019-04-26,108.7099991,-0.340357603
2019-04-29,108.5199966,-0.036853379
2019-04-30,108.5899963,0.018421837
2019-05-01,108.4000015,0.175271964
2019-05-02,108.1600037,0.453030554
2019-05-03,108.3399963,0.304598341
2019-05-06,108.4800034,0.341072184
2019-05-07,108.6100006,0.30384111
2019-05-08,108.5899963,0.497284219
2019-05-09,108.6500015,0.322133888
2019-05-10,108.6699982,0.331278749
2019-05-13,108.8499985,0.027559743
2019-05-14,108.9400024,-0.064255272
2019-05-15,109.1299973,-0.073301754
2019-05-16,109,0.339452061
2019-05-17,109.0299988,0.34853241
2019-05-21,108.8700027,0.642965859
2019-05-22,109.0500031,0.504351588
2019-05-23,109.3700027,0.475447225
2019-05-24,109.4100037,0.904851321
2019-05-28,109.5699997,0.666243825
2019-05-29,109.5999985,0.583941057
2019-05-30,109.8899994,0.300301968
2019-05-31,110.4000015,0.117751134
2019-06-03,110.4000015,-0.144930851
2019-06-04,110.3000031,-0.072531123
2019-06-05,110.2399979,0.108855904
2019-06-06,110.2200012,0.34476252
2019-06-07,110.5299988,0.036190099
2019-06-10,110.2399979,0.2721363
2019-06-11,110.2200012,0.562506905
2019-06-12,110.3600006,0.779268399
2019-06-13,110.5999985,0.732373598
2019-06-14,110.5699997,0.497425209
2019-06-17,110.5400009,0.705625812
2019-06-18,110.8399963,0.451100701
2019-06-19,111.2200012,-0.116889841
2019-06-20,111.4100037,-0.008977772
2019-06-21,111.1200027,0.206979591
2019-06-24,111.3199997,-0.125763017
2019-06-25,111.3399963,0.035926816
2019-06-26,111.0899963,0.423081498
2019-06-28,111.3499985,-0.233499901
2019-07-01,111.1800003,-0.134917724
2019-07-02,111.3799973,-0.341171901
2019-07-03,111.5599976,-0.430257922
2019-07-05,111.0899963,-0.270047198
2019-07-08,111.0299988,-0.072054248
2019-07-09,111,-0.153151504
2019-07-10,111.0800018,0.036010906
2019-07-11,110.6699982,0.569264384
2019-07-12,110.7900009,0.342988763
2019-07-15,110.9499969,0.324471041
2019-07-16,110.8300018,0.333840216
2019-07-17,111.1200027,0.215980794
2019-07-18,111.3000031,-0.098832531
2019-07-19,111.1699982,0.035981754
2019-07-22,111.3099976,-0.044915482
2019-07-23,111.1999969,0.044966774
2019-07-24,111.3600006,-0.053877118
2019-07-25,111.1900024,0.64754133
2019-07-26,111.2099991,0.665405872
2019-07-29,111.2600021,1.060579078
2019-07-30,111.25,1.339323922
2019-07-31,111.3000031,1.239889682
2019-08-01,111.9100037,0.786343691
2019-08-02,111.9499969,0.616348781
2019-08-05,112.4400024,0.542512093
2019-08-06,112.7399979,0.13305085
2019-08-07,112.6800003,0.496980438
2019-08-08,112.7900009,0.860006395
2019-08-09,112.6399994,0.914416535
2019-08-12,113.0500031,0.283060315
2019-08-13,112.8899994,0.699797077
2019-08-14,113.2399979,0.335574788
2019-08-15,113.7600021,-0.386781323
2019-08-16,113.6699982,0.096771894
2019-08-19,113.3700027,0.317544855
2019-08-20,113.6800003,0.360658015
2019-08-21,113.6200027,0.422457064
2019-08-22,113.3199997,0.626543493
2019-08-23,113.7799988,0.307609842
2019-08-27,114.0899963,-0.219125259
2019-08-28,114.0999985,-0.052583312
2019-08-29,114.0299988,-0.420938115
2019-08-30,114.1299973,-0.403048362
2019-09-03,113.8399963,-1.106811795
2019-09-04,114.0400009,-1.262716968
2019-09-05,113.5500031,-0.995160592
2019-09-06,113.6699982,-1.689098443
2019-09-09,113.1900024,-1.007155548
2019-09-10,112.5800018,-0.319773143
2019-09-11,112.5999985,-0.22202487
2019-09-12,112.4199982,0.08006046
2019-09-13,111.75,1.046978227
2019-09-16,112.0500031,0.821060369
2019-09-17,112.2200012,0.944570974
2019-09-18,112.3499985,0.409433993
2019-09-19,112.5100021,0.435514936
2019-09-20,112.9199982,0.194829281
2019-09-23,112.9700012,0.177035448
2019-09-24,113.2799988,-0.141239437
2019-09-25,112.8099976,0.345713499
2019-09-26,113,0.566371141
2019-09-27,113.1399994,0.601025551
2019-09-30,113.1699982,0.300436487
2019-10-01,113.1200027,0.380127559
2019-10-02,113.1999969,0.256184561
2019-10-03,113.6399994,-0.475185602
2019-10-04,113.8199997,-0.957649219
2019-10-07,113.5100021,-0.519781478
2019-10-08,113.5500031,-0.880669285
2019-10-09,113.4899979,-0.652037957
2019-10-10,113.0999985,-0.335983429
2019-10-11,112.7300034,0.062094999
2019-10-14,112.9199982,-0.380800843
2019-10-15,112.5500031,0.09773488
2019-10-16,112.75,0
2019-10-17,112.7200012,0.053227074
2019-10-18,112.8000031,-0.159574734
2019-10-21,112.4899979,-0.097787014
2019-10-22,112.6600037,-0.239662936
2019-10-23,112.75,-0.03547753
2019-10-24,112.7799988,0.328074792
2019-10-25,112.6200027,0.275259768
2019-10-28,112.3799973,0.240260081
2019-10-29,112.3899994,-0.142357891
2019-10-30,112.7099991,-0.27503998
2019-10-31,113.1500015,-1.13124062
2019-11-01,112.9300003,-0.991767239
2019-11-04,112.6500015,-0.72791805
2019-11-05,112.2300034,-0.249493362
2019-11-06,112.4000015,-0.222419926
2019-11-07,111.8700027,0.536335442
2019-11-08,111.8099976,0.536630102
2019-11-11,111.8300018,0.706430209
2019-11-12,111.9499969,0.669941957
2019-11-13,112.1500015,0.731163338
2019-11-14,112.4700012,0.302299577
2019-11-15,112.4100037,0.409215434
2019-11-18,112.6200027,0.319659565
2019-11-19,112.6999969,0.390419213
2019-11-20,112.9700012,0.026554642
2019-11-22,112.8700027,-0.008861643
2019-11-25,112.9800034,-0.43370993
2019-11-26,113.1399994,-0.12373996
2019-11-27,113,-0.168143753
2019-11-29,112.8600006,-0.30126171
2019-12-02,112.4899979,0.08001064
2019-12-03,113,-0.407078836
2019-12-04,112.8099976,0.026592306
2019-12-05,112.6800003,-0.283989789
2019-12-06,112.5199966,0.25773278
2019-12-09,112.5800018,0
2019-12-10,112.5400009,0.04442458
2019-12-11,112.8399963,-0.416513299
2019-12-12,112.3600006,-0.053397613
2019-12-13,112.8099976,-0.434356772
2019-12-16,112.5800018,-0.30201098
2019-12-17,112.5899963,-0.186516646
2019-12-19,112.3000031,0.160285218
2019-12-20,112.3199997,0.275994978
2019-12-23,112.2399979,0.347469171
2019-12-24,112.3799973,-0.008893493
2019-12-26,112.4800034,0.17780667
2019-12-27,112.6299973,0.337392251
2019-12-30,112.6299973,0.257481064
2019-12-31,112.3700027,0.382664674
2020-01-02,112.6800003,0.097622125
2020-01-03,113.0100021,-0.026545243
2020-01-06,112.9199982,-0.008850963
2020-01-07,112.8000031,0.186169396
2020-01-08,112.6699982,0.452651233
2020-01-09,112.7900009,0.345774791
2020-01-10,112.9800034,0.061957597
2020-01-14,113.0100021,0.318556414
2020-01-15,113.1800003,0.220887082
2020-01-16,113.1800003,0.353420679
2020-01-17,113.0500031,0.654575713
2020-01-21,113.3700027,0.59098364
2020-01-22,113.4300003,0.766995278
2020-01-23,113.5800018,0.642715017
2020-01-24,113.7900009,0.755778718
2020-01-27,114.1399994,0.201509863
2020-01-28,114.0400009,-0.043846941
2020-01-29,114.3000031,-0.419950432
2020-01-30,114.3099976,-0.367420329
2020-01-31,114.6500015,-0.375054775
2020-02-03,114.3700027,-0.017490838
2020-02-04,113.9899979,0.19300046
2020-02-05,113.8199997,0.237213709
2020-02-06,113.8899994,0.245850189
2020-02-07,114.2200012,0.061284971
2020-02-11,114.2099991,0.201386357
2020-02-12,114.0899963,0.280486751
2020-02-13,114.1699982,0.437943425
2020-02-14,114.2900009,0.533730515
2020-02-18,114.4400024,0.900033867
2020-02-19,114.4100037,0.821601942
2020-02-20,114.6699982,0.610451372
2020-02-21,114.9000015,1.148824784
2020-02-24,115.2699966,0.581249083
2020-02-25,115.4700012,1.091194356
2020-02-26,115.3499985,1.118336309
2020-02-27,115.3700027,1.412843213
2020-02-28,116.2200012,1.411116307
2020-03-02,115.9400024,1.526648789
2020-03-03,116.7300034,-0.299842451
2020-03-04,116.6399994,-1.646088974
2020-03-05,117,-5.871797219
2020-03-06,117.8600006,-5.090785652
2020-03-09,117.7099991,-3.381187459
2020-03-10,116.3799973,-4.803227762
2020-03-11,114.7200012,-7.10425509
2020-03-12,110.1299973,-1.071461304
2020-03-13,111.8600006,-1.635975166
2020-03-16,113.7300034,-0.95841373
2020-03-17,110.7900009,2.509250615
2020-03-18,106.5699997,7.656942559
2020-03-19,108.9499969,5.626438783
2020-03-20,110.0299988,5.034991345
2020-03-23,112.6399994,2.698864464
2020-03-24,113.5699997,1.584928288
2020-03-25,114.7300034,0
2020-03-26,115.0800018,-0.156413193
2020-03-27,115.5699997,-0.510509942
2020-03-30,115.6800003,-0.121022985
2020-03-31,115.3700027,0.286031199
2020-04-01,114.7300034,0.941335457
2020-04-02,114.9000015,2.04525539
2020-04-06,115.5400009,1.003977864
2020-04-07,115.6999969,0.916166997
2020-04-08,115.8099976,1.234781397
2020-04-09,117.25,0.119402465
2020-04-13,116.6999969,0.325625444
2020-04-14,116.7600021,0.325451564
2020-04-15,117.2399979,-0.085293821
2020-04-16,117.3899994,0.0255548
2020-04-17,117.25,0.093817152
2020-04-20,117.0800018,-0.2220722
2020-04-21,117.1399994,0.11951459
2020-04-22,117.1399994,0.187810502
2020-04-23,117.4199982,-0.272525719
2020-04-24,117.3600006,-0.417516923
2020-04-27,116.8199997,0.128403977
2020-04-28,117.2799988,-0.341065425
2020-04-29,117.3600006,-0.809472515
2020-04-30,117.0999985,-0.281811986
2020-05-01,116.8700027,-0.350820273
2020-05-04,116.9700012,-0.73523177
2020-05-05,116.8799973,-0.402116361
2020-05-06,116.4100037,0.163211757
2020-05-07,116.7699966,0.162715121
2020-05-08,116.4599991,0.489438176
2020-05-11,116.1100006,0.645939192
2020-05-12,116.4100037,0.498233986
2020-05-13,116.5999985,0.591768825
2020-05-14,116.9599991,0.359095564
2020-05-15,117.0299988,0.350340653
2020-05-19,116.9899979,0.222243047
2020-05-20,117.2900009,0.110834046
2020-05-21,117.3799973,-0.034078136
2020-05-22,117.4400024,0.178813931
2020-05-26,117.25,0.187634303
2020-05-27,117.4199982,-0.204392665
2020-05-28,117.3399963,-0.434629728
2020-05-29,117.6500015,-0.637484055
2020-06-01,117.3700027,-0.289685575
2020-06-02,117.4700012,-0.246872318
2020-06-03,117.1800003,0.40962908
2020-06-04,116.8300018,0.539242698
2020-06-05,116.9000015,0.581694009
2020-06-08,117.0299988,0.803214946
2020-06-09,117.1800003,0.477895167
2020-06-10,117.6600037,-0.017001761
2020-06-11,117.4599991,0.255408696
2020-06-12,117.5800018,0.187107686
2020-06-15,117.9700012,-0.169538506
2020-06-16,117.7399979,0.008495105
2020-06-17,117.6399994,0.076507963
2020-06-18,117.7600021,0.093410843
2020-06-19,117.8000031,0.178267469
2020-06-22,117.7699966,0.288701687
2020-06-23,117.75,0.390657397
2020-06-24,117.7300034,0.271808108
2020-06-25,117.8700027,0.27148527
2020-06-29,118.1100006,0.059266527
2020-06-30,118.2099991,0.12689411
2020-07-01,118.0500031,0.228713796
2020-07-02,118.1900024,0.372277522
2020-07-06,118.1800003,0.253852641
2020-07-07,118.3600006,0.261910744
2020-07-08,118.3199997,0.304260152
2020-07-09,118.6299973,0.109588541
2020-07-10,118.4899979,0.329141191
2020-07-13,118.4800034,0.44733184
2020-07-14,118.6699982,0.345499004
2020-07-15,118.6800003,0.421300976
2020-07-16,118.7600021,0.471537175
2020-07-17,118.8799973,0.336475046
2020-07-20,119.0100021,0.159646087
2020-07-21,119.0800018,0.167951751
2020-07-22,119.1800003,0.201374277
2020-07-23,119.3199997,0.159237715
2020-07-24,119.2799988,0.234740763
2020-07-27,119.1999969,0.167789079
2020-07-28,119.2799988,0.293425954
2020-07-29,119.4199982,-0.016744803
2020-07-30,119.5100021,0.05020296
2020-07-31,119.5599976,-0.108729722
2020-08-03,119.4000015,-0.067003208
2020-08-04,119.6299973,-0.534982366
2020-08-05,119.4000015,-0.544389881
2020-08-06,119.5699997,-1.05377782
2020-08-07,119.4300003,-1.029894795
2020-08-10,119.3199997,-0.804558403
2020-08-11,118.9899979,-0.386586346
2020-08-12,118.75,-0.33684339
2020-08-13,118.3099976,0.211309277
2020-08-14,118.1999969,0.406094221
2020-08-17,118.3600006,0.22811477
2020-08-18,118.5299988,-0.126551529
2020-08-19,118.3499985,0.008451319
2020-08-20,118.5599976,-0.514507948
2020-08-21,118.6800003,-0.480282856
2020-08-24,118.6299973,-0.219164219
2020-08-25,118.3799973,0.033790266
2020-08-26,118.3600006,0.253466585
2020-08-27,117.9499969,0.627389158
2020-08-28,118.1100006,-0.008468492
2020-09-01,118.4199982,-0.160441492
2020-09-02,118.6600037,-0.370809395
2020-09-03,118.6900024,-0.387563464
2020-09-04,118.0999985,0.228623434
2020-09-08,118.2300034,0.135326083
2020-09-09,118.2200012,0.093047377
2020-09-10,118.2300034,0.109952846
2020-09-11,118.3700027,-0.126722584
2020-09-14,118.3799973,-0.118262707
2020-09-15,118.3899994,-0.050677894
2020-09-16,118.3300018,-0.211273554
2020-09-17,118.3600006,-0.228121216
2020-09-18,118.2200012,-0.076132606
2020-09-21,118.2399979,-0.008452729
2020-09-22,118.3300018,-0.067609085
2020-09-23,118.0800018,-0.016941287
2020-09-24,118.0899963,-0.059276566
2020-09-25,118.1299973,-0.194697141
2020-09-28,118.2300034,-0.600530063
2020-09-29,118.25,-0.532767233
2020-09-30,118.0599976,-0.440451172
2020-10-01,118.0199966,-0.27960872
2020-10-02,117.9000015,-0.152672013
2020-10-05,117.5199966,0.365895437
2020-10-06,117.6200027,0.306070908
2020-10-07,117.5400009,0.433896658
2020-10-08,117.6900024,0.220914692
2020-10-09,117.7200012,0.144408909
2020-10-12,117.9499969,-0.169560791
2020-10-13,117.9800034,-0.279709969
2020-10-14,118.0500031,-0.457434055
2020-10-15,117.9499969,-0.551075806
2020-10-16,117.8899994,-0.356262763
2020-10-19,117.75,-0.101913161
2020-10-20,117.6500015,0.212494685
2020-10-21,117.5100021,0.187219145
2020-10-22,117.3000031,0.187547814
2020-10-23,117.4700012,-0.229849553
2020-10-26,117.6299973,-0.348547175
2020-10-27,117.9000015,-0.619171626
2020-10-28,117.7300034,0.186862809
2020-10-29,117.5199966,0.459497048
2020-10-30,117.1999969,0.511950614
2020-11-02,117.2200012,0.025591861
2020-11-03,117.1699982,-0.093881209
2020-11-04,117.9499969,-0.695209594
2020-11-05,118.0599976,-0.372687465
2020-11-06,117.8000031,-0.135826535
2020-11-09,117.25,0.324091474
2020-11-10,117.0599976,0.691957291
2020-11-11,117.1299973,0.700076594
2020-11-12,117.6200027,0.467603647
2020-11-13,117.6399994,0.552534452
2020-11-16,117.6299973,0.535581822
2020-11-17,117.8700027,0.195126599
2020-11-18,117.9499969,0.093260376
2020-11-20,118.2900009,-0.025360368
2020-11-23,118.2600021,0.135291755
2020-11-24,118.0999985,-0.220154225
2020-11-25,118.0599976,-0.296458141
2020-11-27,118.2600021,-0.566553176
2020-11-30,118.4199982,-0.548895065
2020-12-01,117.8399963,-0.050914427
2020-12-02,117.7099991,-0.084953254
2020-12-03,117.9100037,-0.008482856
2020-12-04,117.5899963,0.374183566
2020-12-07,117.7699966,0.161333486
2020-12-08,117.7799988,0.212260148
2020-12-09,117.6100006,0.314601432
2020-12-10,117.9000015,-0.042411409
2020-12-11,118.0299988,-0.203336327
2020-12-14,117.9599991,-0.144115099
2020-12-15,118.0299988,-0.059306698
2020-12-16,117.9800034,-0.0847653
2020-12-17,117.8499985,0.118794562
2020-12-21,117.7900009,0.186774106
2020-12-22,117.9599991,0.059341892
2020-12-23,117.8799973,0.186631512
2020-12-24,117.9899979,0.169509773
2020-12-28,118.0100021,0.02542054
2020-12-29,118.0299988,-0.093197163
2020-12-30,118.0999985,-0.643524256
2020-12-31,118.1900024,-0.820713428
2021-01-04,118.0400009,-0.974247303
2021-01-05,117.9199982,-0.788670556
2021-01-06,117.3399963,0.017048128
2021-01-07,117.2200012,-0.07678209
2021-01-08,117.0800018,0.145198297
2021-01-12,116.9899979,0.359010006
2021-01-13,117.3600006,0.051122664
2021-01-14,117.1299973,0.102452616
2021-01-15,117.25,0
2021-01-19,117.4100037,0.085170319
2021-01-20,117.4199982,0.085163069
2021-01-21,117.25,0.162048991
2021-01-22,117.25,0.051170626
2021-01-25,117.5500031,-0.272224319
2021-01-26,117.5100021,-0.39145526
2021-01-27,117.5199966,-0.519054628
2021-01-28,117.4400024,-0.493870759
2021-01-29,117.3099976,-0.511464058
2021-02-01,117.2300034,-0.34121088
2021-02-02,117.0500031,-0.145242028
2021-02-03,116.9100037,0.068423744
2021-02-04,116.8600006,-0.008559076
2021-02-05,116.7099991,-0.111384847
2021-02-09,116.8799973,-0.727240327
2021-02-10,116.9899979,-0.623981315
2021-02-11,116.8499985,-0.556270034
2021-02-12,116.5800018,-0.63476195
2021-02-16,116.0299988,-0.44815707
2021-02-17,116.2600021,-0.679512215
2021-02-18,116.1999969,-1.540441767
2021-02-19,115.8399963,-0.431629848
2021-02-22,115.4800034,-0.337726886
2021-02-23,115.5100021,-0.346291679
2021-02-24,115.4700012,-0.675499066
2021-02-25,114.4100037,-0.04370514
2021-02-26,115.3399963,-0.919019934
2021-03-01,115.0899963,-1.094790639
2021-03-02,115.1100006,-0.738422787
2021-03-03,114.6900024,-0.209264529
2021-03-04,114.3600006,0.06995613
2021-03-05,114.2799988,-0.428769574
2021-03-08,113.8300018,0.07028185
2021-03-09,114.2600021,-0.341326258
2021-03-10,114.4499969,-0.51550577
2021-03-11,114.4400024,-0.891300464
2021-03-12,113.7900009,-0.246066242
2021-03-15,113.9100037,-0.158019752
2021-03-16,113.8700027,0.131723802
2021-03-17,113.8600006,0.263484147
2021-03-18,113.4199982,0.599541806
2021-03-19,113.5100021,0.352393197
2021-03-22,113.7300034,-0.008794633
2021-03-23,114.0199966,-0.184177417
2021-03-24,114.1600037,-0.289069569
2021-03-25,114.0999985,-0.052583312
2021-03-29,113.7200012,0.079138531
2021-03-30,113.8099976,0.351464313
2021-03-31,113.8300018,0.175697922
2021-04-01,114.0400009,0.236756086
2021-04-05,113.8099976,0.298747012
2021-04-06,114.2099991,0.236410362
2021-04-07,114.0299988,0.315706932
2021-04-08,114.3099976,0.463650416
2021-04-09,114.1800003,0.315292178
2021-04-12,114.1500015,0.262808076
2021-04-13,114.4800034,0.131021918
2021-04-14,114.3899994,0.305969469
2021-04-15,114.8399963,-0.060954108
2021-04-16,114.5400009,0.183341263
2021-04-19,114.4499969,0.174752803
2021-04-20,114.6299973,-0.226811928
2021-04-21,114.7399979,-0.270173927
2021-04-22,114.7699966,-0.348517825
2021-04-23,114.75,-0.226581382
2021-04-26,114.6500015,-0.226779008
2021-04-27,114.3700027,0.139893354
2021-04-28,114.4300003,0.166042507
2021-04-29,114.3700027,0.236072953
2021-04-30,114.4899979,0.104815048
2021-05-03,114.3899994,0.034968892
2021-05-04,114.5299988,-0.305595458
2021-05-05,114.6200027,-0.732859839
2021-05-06,114.6399994,-0.523376201
2021-05-07,114.6100006,-0.270480374
2021-05-10,114.4300003,-0.200999175
2021-05-11,114.1800003,-0.10509962
2021-05-12,113.7799988,0.105469105
2021-05-13,114.0400009,0.219221324
2021-05-14,114.3000031,0.034989751
2021-05-17,114.1999969,0.218914191
2021-05-18,114.0599976,0.587415231
2021-05-19,113.9000015,0.693591664
2021-05-20,114.2900009,0.227493336
2021-05-21,114.3399963,0.183668638
2021-05-25,114.7300034,-0.348645964
2021-05-26,114.6900024,-0.183101474
2021-05-27,114.5500031,-0.296817074
2021-05-28,114.5500031,0.113485159
2021-06-01,114.3300018,0.419833569
2021-06-02,114.4800034,0.489166267
2021-06-03,114.2099991,0.936870417
2021-06-04,114.6800003,0.479598056
2021-06-07,114.5999985,0.296687584
2021-06-08,114.8099976,0.156781037
2021-06-09,115.0400009,-0.365088809
2021-06-10,115.2799988,-0.260231979
2021-06-11,115.2300034,0.052067653
2021-06-14,114.9400024,0.043496973
2021-06-15,114.9899979,0.104359291
2021-06-16,114.6200027,0.375152936
2021-06-17,114.9800034,0.095662705
2021-06-18,115.2900009,-0.372972766
2021-06-21,114.9899979,0.173932152
2021-06-22,115.1100006,0.121622265
2021-06-23,115.0500031,0.243371379
2021-06-24,115.0899963,0.017381417
2021-06-25,114.8600006,0.435312552
2021-06-29,115.25,0.416488813
2021-06-30,115.3300018,0.520244919
2021-07-01,115.1100006,0.825294886
2021-07-02,115.3600006,0.277392244
2021-07-06,115.7300034,-0.319712033
2021-07-07,115.9300003,-0.155266372
2021-07-08,116.0599976,-0.051695295
2021-07-09,115.6800003,0.190180861
2021-07-12,115.6100006,0.778480686
2021-07-13,115.3600006,0.901526448
2021-07-14,115.75,0.233258439
2021-07-15,116,0.250000789
2021-07-16,115.9000015,0.267469849
2021-07-19,116.5100021,-0.343319473
2021-07-20,116.4000015,-0.017185801
2021-07-21,116.0199966,0.405103632
2021-07-22,116.2900009,0.008601029
2021-07-23,116.2099991,0.215127788
2021-07-26,116.1100006,0.370338733
2021-07-27,116.3799973,0.171854771
2021-07-28,116.4899979,0.068676996
2021-07-29,116.3000031,0.008593729
2021-07-30,116.4599991,-0.575303258
2021-08-02,116.5400009,-0.82375071
2021-08-03,116.5800018,-0.986448368
2021-08-04,116.5699997,-0.883588215
2021-08-05,116.3099976,-0.653421479
2021-08-06,115.7900009,0.155454101
2021-08-09,115.5800018,0.38933807
2021-08-10,115.4300003,0.441828065
2021-08-11,115.5400009,0.354852025
2021-08-12,115.5500031,0.519254399
2021-08-13,115.9700012,0.163837578
2021-08-16,116.0299988,0.112044199
2021-08-17,115.9400024,0.043121806
2021-08-18,115.9499969,-0.155239595
2021-08-19,116.1500015,-0.318555955
2021-08-20,116.1600037,-0.051657357
2021-08-23,116.1600037,0.060261443
2021-08-24,115.9899979,0.060349768
2021-08-25,115.7699966,0.138208229
2021-08-26,115.7799988,0.233204591
2021-08-27,116.0999985,-0.215331614
2021-08-31,116.0599976,-0.448041232
2021-09-01,115.9300003,-0.172515266
2021-09-02,116.0500031,0.043080932
2021-09-03,115.8499985,0.017267391
2021-09-07,115.5400009,0.640468979
2021-09-08,115.7300034,0.380190788
2021-09-09,116.0999985,-0.111970073
2021-09-10,115.8700027,0
2021-09-13,116.0199966,0.060334164
2021-09-14,116.2799988,-0.120398513
2021-09-15,116.1699982,0.008609913
2021-09-16,115.9700012,-0.310425633
2021-09-17,115.8700027,-0.396995835
2021-09-20,116.0899963,-0.723573404
2021-09-21,116.1399994,-1.179613186
2021-09-22,116.1800003,-1.144776922
2021-09-23,115.6100006,-0.674681061
2021-09-24,115.4100037,-0.355258339
2021-09-27,115.25,-0.286335645
2021-09-28,114.7699966,-0.104552689
2021-09-29,114.8499985,-0.130606467
2021-09-30,114.8300018,-0.391887634
2021-10-01,115,-0.756524127
2021-10-04,114.9199982,-0.844066512
2021-10-05,114.6500015,-0.244220476
2021-10-06,114.6999969,-0.061028506
2021-10-07,114.3799973,0.410912076
2021-10-08,114.1299973,0.385527427
2021-10-11,113.9499969,0.473892874
2021-10-12,114.3700027,-0.183613779
2021-10-13,114.6299973,-0.479800607
2021-10-14,114.8499985,-0.879409795
2021-10-15,114.5699997,-0.445144573
2021-10-18,114.4899979,-0.279500132
2021-10-19,114.1600037,0.192706363
2021-10-20,114.0800018,0.596073189
2021-10-21,113.8399963,0.729095096
2021-10-22,114.0599976,0.508505912
2021-10-25,114.1699982,0.192696176
2021-10-26,114.3799973,0.2098317
2021-10-27,114.7600021,-0.322414378
2021-10-28,114.6699982,0.087205438
2021-10-29,114.6399994,0.505933212
2021-11-01,114.3899994,0.542007824
2021-11-02,114.6200027,0.61943733
2021-11-03,114.3899994,0.139875569
2021-11-04,114.7699966,-0.374662645
2021-11-05,115.2200012,-0.781115706
2021-11-08,115.0100021,-0.965133979
2021-11-09,115.3300018,-1.27460435
2021-11-10,114.5500031,-0.366657169
2021-11-11,114.3399963,-0.096198167
2021-11-12,114.3199997,0.113713483
2021-11-15,113.9000015,0
2021-11-16,113.8600006,-0.360094555
2021-11-17,114.1299973,-0.367999806
2021-11-19,114.4499969,0.061161814
2021-11-22,113.9000015,0.597015185
2021-11-23,113.4499969,1.163507916
2021-11-24,113.7099991,0.809074115
2021-11-26,114.5199966,0.480268135
2021-11-29,114.5800018,0.078544542
2021-11-30,114.7699966,-0.243965137
2021-12-01,114.6299973,-0.383839154
2021-12-02,114.6100006,-0.357738121
2021-12-03,115.0699997,-0.72998726
2021-12-06,114.6699982,-0.034883506
2021-12-07,114.4899979,-0.069870035
2021-12-08,114.1900024,0.113842938
2021-12-09,114.1999969,0.140108289
2021-12-10,114.2300034,0.236362282
2021-12-13,114.6299973,-0.261707607
2021-12-14,114.4100037,-0.148593473
2021-12-15,114.3199997,0.017491815
2021-12-16,114.3600006,-0.139912261
2021-12-20,114.3300018,-0.061226007
2021-12-21,114.2399979,-0.026259436
2021-12-22,114.3399963,-0.411049157
2021-12-23,114.1999969,-0.070047464
2021-12-27,114.2600021,-0.840188226
2021-12-28,114.2099991,-0.805532069
2021-12-29,113.8700027,-0.81672107
2021-12-30,114.1200027,-1.139154417
2021-12-31,114.0800018,-1.393762221
2022-01-03,113.3000031,-0.803180616
2022-01-04,113.2900009,-0.609058554
2022-01-05,112.9400024,-0.301048309
2022-01-06,112.8199997,-0.017724378
2022-01-07,112.4899979,-0.284469465
2022-01-11,112.5999985,-0.985790964
2022-01-12,112.5999985,-0.77264221
2022-01-13,112.8000031,-0.895391941
2022-01-14,112.1699982,0.053494864
2022-01-18,111.4899979,0.448470723
2022-01-19,111.7300034,-0.331157912
2022-01-20,111.7900009,-0.053669879
2022-01-21,112.2300034,-0.374236644
2022-01-24,112.0999985,-0.267614118
2022-01-25,111.9899979,-0.348244841
2022-01-26,111.3600006,0.323276408
2022-01-27,111.7300034,-0.41171279
2022-01-28,111.8099976,-1.109022351
2022-01-31,111.8000031,-1.010737792
2022-02-01,111.5999985,-1.137989839
2022-02-02,111.7200012,-1.181524956
2022-02-03,111.2699966,-1.698570546
2022-02-04,110.5699997,-0.425071197
2022-02-07,110.6699982,-1.093339753
2022-02-08,110.3300018,-0.951693134
2022-02-09,110.4000015,-0.896737183
2022-02-10,109.3799973,0.237705378
2022-02-11,110.0999985,-0.208897121
2022-02-15,109.2799988,0.43008897
2022-02-16,109.4100037,-0.137100376
2022-02-17,109.6399994,-0.164173939
2022-02-18,109.8700027,-0.273052739
2022-02-22,109.75,0.974942774
2022-02-23,109.2600021,0.210503133
2022-02-24,109.4599991,0.365431691
2022-02-25,109.5699997,0.666243825
2022-02-28,110.3600006,-0.634285017
2022-03-01,110.8199997,-1.398667259
2022-03-02,109.4899979,-0.410993659
2022-03-03,109.8600006,-1.301656924
2022-03-04,110.3000031,-1.713508012
2022-03-07,109.6600037,-2.097394652
2022-03-08,109.2699966,-1.528322705
2022-03-09,109.0400009,-1.247249265
2022-03-10,108.4300003,-0.525684491
2022-03-11,108.4100037,-0.285956256
2022-03-14,107.3600006,-0.298062307
2022-03-15,107.5999985,-0.789961418
2022-03-16,107.6800003,-0.455050021
2022-03-17,107.8600006,-0.84368965
2022-03-18,108.0999985,-1.850138787
2022-03-21,107.0400009,-0.635276812
2022-03-22,106.75,0.103045068
2022-03-23,107.1900024,-0.037317767
2022-03-24,106.9499969,0.140253885
2022-03-25,106.0999985,0.612631042
2022-03-28,106.3600006,0.451293461
2022-03-29,106.8600006,-1.029382807
2022-03-30,107.1500015,-1.549233447
2022-03-31,107.0999985,-1.718017147
2022-04-01,106.75,-1.892268518
2022-04-04,106.8399963,-2.396104124
2022-04-05,105.7600021,-1.087369046
2022-04-06,105.4899979,-0.635129569
2022-04-07,105.2600021,-1.225537611
2022-04-11,104.2799988,-0.604140066
2022-04-12,104.6100006,-1.519934957
2022-04-13,104.8199997,-1.154358985
2022-04-14,103.9700012,-0.894489078
2022-04-18,103.6500015,-0.019299828
2022-04-19,103.0199966,0.902737658
2022-04-20,103.6100006,-0.077214391
2022-04-21,103.0400009,0.436720637
2022-04-22,102.9400024,-0.068000479
2022-04-25,103.6299973,-1.447457338
2022-04-26,103.9499969,-1.529578052
2022-04-27,103.5299988,-0.492612907
2022-04-28,103.4899979,-1.439750599
2022-04-29,102.8700027,-1.263733855
2022-05-02,102.1299973,-0.058746265
2022-05-03,102.3600006,0.019535603
2022-05-04,103.0199966,-0.252372855
2022-05-05,102,0.931369557
2022-05-06,101.5699997,0.925472526
2022-05-09,102.0699997,0.656410474
2022-05-10,102.3799973,-0.195347679
2022-05-11,102.7600021,-0.16543966
2022-05-12,102.9499969,-0.097133052
2022-05-13,102.5100021,0.634085955
2022-05-16,102.7399979,0.077868243
2022-05-17,102.1800003,1.399491389
2022-05-18,102.5899963,1.413397631
2022-05-19,102.8499985,1.079242223
2022-05-20,103.1600037,0.940280687
2022-05-24,103.6100006,-0.135121503
2022-05-25,104.0400009,-1.134179445
2022-05-26,103.9599991,-0.933052356
2022-05-27,104.1299973,-1.25804052
2022-05-31,103.4700012,-0.860152101
2022-06-01,102.8600006,-0.680533681
2022-06-02,102.9899979,-0.912704953
2022-06-03,102.8199997,-1.51721218
2022-06-06,102.1900024,-2.534498391
2022-06-07,102.5800018,-3.480210208
2022-06-08,102.1600037,-2.006659141
2022-06-09,102.0500031,-1.665854509
2022-06-10,101.2600021,-0.908557949
2022-06-14,99.01000214,0.939299349
2022-06-15,100.1100006,0.679253123
2022-06-16,100.3499985,0.85700112
2022-06-17,100.3399963,0.707600897
2022-06-21,99.94000244,0.700417181
2022-06-22,100.7900009,0.426629925
2022-06-23,101.2099991,0.4643822
2022-06-24,101.0500031,1.276589062
2022-06-28,100.6399994,1.877980327
2022-06-29,101.2200012,0.612522337
2022-06-30,101.6800003,-0.06884313
2022-07-01,102.3399963,-1.084613075
2022-07-05,102.5299988,-0.672976153
2022-07-06,101.8399963,0.363317714
2022-07-07,101.6100006,0.236195121
2022-07-08,101.2300034,1.007603091
2022-07-11,101.6999969,0.216323724
2022-07-12,101.8399963,-0.058913551
2022-07-13,102.2099991,-0.489188929
2022-07-14,101.8499985,0.697102695
2022-07-15,102.25,1.085575169
2022-07-18,101.9199982,1.040036506
2022-07-19,101.7799988,1.159363646
2022-07-20,101.7099991,1.582932479
2022-07-21,102.5599976,1.462558537
2022-07-22,103.3600006,0.686918615
2022-07-25,102.9800034,1.213827888
2022-07-26,102.9599991,0.194254642
2022-07-27,103.3199997,0.290363001
2022-07-28,104.0599976,-0.182581988
2022-07-29,104.0699997,-1.306813313
2022-08-01,104.2300034,-1.007390404
2022-08-02,103.1600037,-0.203573775
2022-08-03,103.6200027,-0.395680034
2022-08-04,103.8700027,-1.164916773
2022-08-05,102.7099991,0.399185732
2022-08-08,103.1800003,0.067842309
2022-08-09,102.9499969,0.145703283
2022-08-10,103.2099991,-0.69760801
2022-08-11,102.6600037,0.048700001
2022-08-12,103.1200027,-1.095815412
2022-08-15,103.25,-1.646486148
2022-08-16,103.0999985,-1.542188517
2022-08-17,102.4899979,-1.219631209
2022-08-18,102.7099991,-0.885985825
2022-08-19,101.9899979,-0.372582862
2022-08-22,101.5500031,-0.423437018
2022-08-23,101.5100021,-0.2561345
2022-08-24,101.2399979,-0.5235073
2022-08-25,101.8000031,-1.699413856
2022-08-26,101.6100006,-1.230193871
2022-08-30,101.25,-1.807409216
2022-08-31,100.7099991,-0.595768523
2022-09-01,100.0699997,-0.279802918
2022-09-02,100.3600006,-0.577921311
2022-09-06,99.41999817,-0.352040314
2022-09-07,100.1100006,-0.909003752
2022-09-08,99.79000092,-0.891872313
2022-09-09,99.77999878,-0.952091561
2022-09-12,99.62999725,-0.953525017
2022-09-13,99.06999969,-0.837793311
2022-09-14,99.19999695,-0.655235803
2022-09-15,98.90000153,-1.415572805
2022-09-16,98.83000183,-1.649301682
2022-09-19,98.68000031,-2.766521431
2022-09-20,98.23999786,-2.748368289
2022-09-21,98.55000305,-1.491629807
2022-09-22,97.5,-0.953846467
2022-09-23,97.19999695,-0.884774318
2022-09-26,95.94999695,1.000528134
2022-09-27,95.54000092,1.706088798
2022-09-28,97.08000183,-0.432630986
2022-09-29,96.56999969,-0.300301249
2022-09-30,96.33999634,-0.591654262
2022-10-03,96.91000366,-1.620067346
2022-10-04,97.16999817,-1.821546441
2022-10-05,96.66000366,-1.220774116
2022-10-06,96.27999878,-1.142499468
2022-10-07,95.76999664,-1.159019547
2022-10-10,95.33999634,-0.503456834
2022-10-11,95.40000153,-0.398327963
2022-10-12,95.48000336,-1.340601554
2022-10-13,95.18000031,-1.628496582
2022-10-14,94.66000366,-0.940214435
2022-10-17,94.86000061,-1.286107119
2022-10-18,95.01999664,-0.484107662
2022-10-19,94.19999695,0.828032308
2022-10-20,93.62999725,1.954503775
2022-10-21,93.76999664,1.546341719
2022-10-24,93.63999939,1.345581103
2022-10-25,94.55999756,0.317262119
2022-10-26,94.98000336,-0.294805642
2022-10-27,95.45999908,-1.162791348
2022-10-28,95.22000122,-0.924180709
2022-10-31,94.90000153,-0.906217699
2022-11-01,94.86000061,-0.442755815
2022-11-02,94.69999695,-0.158388491
2022-11-03,94.34999847,2.363543607
2022-11-04,94.33999634,2.300197035
2022-11-07,94.04000092,2.339426762
2022-11-08,94.44000244,2.657766245
2022-11-09,94.55000305,3.172924276
2022-11-10,96.58000183,0.579827654
2022-11-11,96.51000214,0.507717183
2022-11-14,96.23999786,0.727353069
2022-11-15,96.94999695,0.505420844
2022-11-16,97.55000305,0.481797618
2022-11-18,97,1.072165892
2022-11-21,96.94000244,0.969666586
2022-11-22,97.44000244,0.092360771
2022-11-23,98.01999664,0.275458357
2022-11-25,98.04000092,1.274989788
2022-11-28,97.87999725,0.643650287
2022-11-29,97.52999878,1.302167834
2022-11-30,98.29000092,1.414181887
2022-12-01,98.87999725,0.505663444
2022-12-02,99.29000092,-0.503575381
2022-12-05,98.51000214,0.304532957
2022-12-06,98.80000305,0.678135778
2022-12-07,99.68000031,0.010034246
2022-12-08,99.37999725,0.231438281
2022-12-09,98.79000092,0.566856517
2022-12-12,98.80999756,-0.070842725
2022-12-13,99.47000122,-1.407461052
2022-12-14,99.69000244,-1.354204103
2022-12-15,99.61000061,-1.305092906
2022-12-16,99.34999847,-1.389025943
2022-12-20,98.06999969,-0.825938168
2022-12-21,98.33999634,-1.271100312
2022-12-22,98.30999756,-0.87478449
2022-12-23,97.97000122,-1.00030963
2022-12-27,97.26000214,0.30844686
2022-12-28,97.08999634,1.040274152
2022-12-29,97.44999695,0.584915046
2022-12-30,96.98999786,2.165170142
2023-01-03,97.55999756,1.43501595
2023-01-04,98.09999847,1.498472216
2023-01-05,98.01999664,2.315858345
2023-01-06,99.08999634,0.837624242
2023-01-10,98.95999908,0.788196025
2023-01-11,99.56999969,1.165013223
2023-01-12,100.2900009,0.209391846
2023-01-13,99.91999817,0.170134279
2023-01-17,99.73999786,0.541408589
2023-01-18,100.7300034,-0.327610265
2023-01-19,100.5,-0.268653376
2023-01-20,100.0899963,-0.00998552
2023-01-23,99.83999634,-0.030046855
2023-01-24,100.2799988,-0.059830035
2023-01-25,100.4000015,0.278883242
2023-01-26,100.2300034,0.558712501
2023-01-27,100.0800018,-0.259794296
2023-01-30,99.80999756,-0.541028884
2023-01-31,100.2200012,-1.117544136
2023-02-01,100.6800003,-1.430276556
2023-02-02,100.7900009,-1.924796531
2023-02-03,99.81999969,-1.402526077
2023-02-06,99.26999664,-0.554039932
2023-02-07,99.09999847,-0.736625367
2023-02-08,99.23999786,-1.068115257
2023-02-09,98.84999847,-1.092566361
2023-02-10,98.41999817,-0.426740679
2023-02-14,98.37000275,-1.311376313
2023-02-15,98.18000031,-0.855575438
2023-02-16,97.76999664,-0.081818763
2023-02-17,98,-0.887757905
2023-02-21,97.08000183,0.2369136
2023-02-22,97.33999634,-0.842407772
2023-02-23,97.69000244,-1.402398109
2023-02-24,97.12999725,-0.05147269
2023-02-27,97.31999969,-0.4932217
2023-02-28,97.30999756,-0.616584615
2023-03-01,96.51999664,0.093249037
2023-03-02,96.31999969,0.664451196
2023-03-03,97.08000183,1.040373391
2023-03-06,96.83999634,2.09624792
2023-03-07,96.70999908,1.633752297
2023-03-08,96.61000061,2.75333404
2023-03-09,96.95999908,1.98019615
2023-03-10,98.08999634,1.437459185
2023-03-13,98.87000275,0.232624377
2023-03-14,98.29000092,0.518874892
2023-03-15,99.26999664,0.483533165
2023-03-16,98.87999725,1.122573464
2023-03-17,99.5,0.663320263
2023-03-20,99.09999847,-0.020178248
2023-03-21,98.80000305,0.131576163
2023-03-22,99.75,-0.701751327
2023-03-23,99.98999786,-0.830077227
2023-03-24,100.1600037,-0.519173576
2023-03-27,99.08000183,0.746869045
2023-03-28,98.93000031,1.273629973
2023-03-29,99.05000305,1.494190492
2023-03-30,99.16000366,1.290841803
2023-04-03,99.81999969,-0.070125922
2023-04-04,100.1900024,-0.379284234
2023-04-05,100.5299988,-0.596835255
2023-04-06,100.4400024,-0.547593626
2023-04-10,99.75,-0.852128796
2023-04-11,99.80999756,-0.771462441
2023-04-12,99.93000031,-1.040729423
2023-04-13,99.88999939,-0.550608725
2023-04-14,99.40000153,-0.231391704
2023-04-17,98.90000153,0.667336727
2023-04-18,99.04000092,1.151049454
2023-04-19,98.88999939,0.93032478
2023-04-20,99.33999634,0.110731442
2023-04-21,99.16999817,0.796612816
2023-04-24,99.55999756,-0.873840035
2023-04-25,100.1800003,-0.529046494
2023-04-26,99.80999756,0.280531797
2023-04-27,99.44999695,0.522880129
2023-04-28,99.95999908,-0.31012161
2023-05-01,98.69000244,0.415438264
2023-05-02,99.65000153,-0.642247245
2023-05-03,100.0899963,-0.439599189
2023-05-04,99.97000122,-0.020010275
2023-05-05,99.65000153,-0.260915336
2023-05-08,99.09999847,0.040364194
2023-05-09,99.01000214,-0.100998356
2023-05-10,99.65000153,-0.893125315
2023-05-11,99.94999695,-1.650819357
2023-05-12,99.38999939,-1.318037596
2023-05-15,99.13999939,-1.159977338
2023-05-16,98.91000366,-0.818931511
2023-05-17,98.76000214,-0.921429367
2023-05-18,98.30000305,-0.82401339
2023-05-19,98.08000183,-0.519985855
2023-05-23,98.09999847,0.122326961
2023-05-24,97.84999847,0.735821392
2023-05-25,97.48999786,1.14883862
2023-05-26,97.56999969,0.532947263
2023-05-30,98.22000122,-0.020366801
2023-05-31,98.56999969,-0.90291102
2023-06-01,98.61000061,-0.415783044
2023-06-02,98.08999634,-0.122331656
2023-06-05,98.08000183,0.061172061
2023-06-06,98.19999695,-0.529528166
2023-06-07,97.68000031,0.092133843
2023-06-08,98.19999695,0.254582493
2023-06-09,97.97000122,0.173520636
2023-06-13,97.68000031,0.655200028
2023-06-14,97.76999664,0.726201021
2023-06-15,98.44999695,-0.487552811
2023-06-16,98.13999939,0.122277101
2023-06-20,98.31999969,-0.132218525
2023-06-21,98.48000336,0
2023-06-22,97.97000122,-0.255180154
2023-06-23,98.26000214,-0.315494791
2023-06-26,98.37999725,-0.813168779
2023-06-28,98.48000336,-1.360686354
2023-06-29,97.72000122,-1.23823073
2023-06-30,97.94999695,-1.44971742
2023-07-03,97.58000183,-0.799342862
2023-07-05,97.13999939,0.679435522
2023-07-06,96.51000214,1.968709443
2023-07-07,96.52999878,1.460689609
2023-07-10,96.80000305,1.291322273
2023-07-11,97.01000214,1.154515094
2023-07-12,97.80000305,0.644168951
2023-07-13,98.41000366,-0.497922442
2023-07-14,97.94000244,0.051046989
2023-07-17,98.05000305,-0.24477867
2023-07-18,98.12999725,-0.438194555
2023-07-19,98.43000031,-0.416543392
2023-07-20,97.91999817,-0.755716787
2023-07-21,97.98999786,-0.438820609
2023-07-24,97.80999756,-0.132907941
2023-07-25,97.69999695,-0.951893894
2023-07-26,98.01999664,-1.509891633
2023-07-27,97.18000031,-1.327434566
2023-07-28,97.55999756,-0.902006227
2023-07-31,97.68000031,-1.003279437
2023-08-01,96.76999664,0.165344288
2023-08-02,96.54000092,0.476485478
2023-08-03,95.88999939,0.500577078
2023-08-04,96.68000031,-0.630948085
2023-08-07,96.69999695,-0.723885181
2023-08-08,96.93000031,-1.2276926
2023-08-09,97,-1.536080272
2023-08-10,96.37000275,-0.996159652
2023-08-11,96.06999969,-0.468405277
2023-08-14,96,-0.895833969
2023-08-15,95.73999786,-0.522247766
2023-08-16,95.51000214,0.670086248
2023-08-17,95.41000366,0.545012706
2023-08-18,95.62000275,0.261451572
2023-08-21,95.13999939,0.988020231
2023-08-22,95.23999786,1.532968414
2023-08-23,96.15000153,0.53042343
2023-08-24,95.93000031,0.90691415
2023-08-25,95.87000275,0.177321544
2023-08-29,96.69999695,-1.220269227
2023-08-30,96.66000366,-1.272504977
2023-08-31,96.80000305,-1.105371551
2023-09-01,96.04000092,-0.270722755
2023-09-05,95.51999664,0.188442537
2023-09-06,95.43000031,0.429630128
2023-09-07,95.73000336,-0.020896555
2023-09-08,95.77999878,-0.302778157
2023-09-11,95.66999817,-0.041811348
2023-09-12,95.69999695,-0.365724645
2023-09-13,95.83999634,-0.563432081
2023-09-14,95.70999908,-1.107509736
2023-09-15,95.48999786,-0.460775811
2023-09-18,95.62999725,-1.390770929
2023-09-19,95.34999847,-1.227056306
2023-09-20,95.30000305,-1.521515773
2023-09-21,94.65000153,-0.549397004
2023-09-22,95.05000305,-1.062600846
2023-09-25,94.30000305,-1.240727212
2023-09-26,94.18000031,-1.889996574
2023-09-27,93.84999847,-0.852419217
2023-09-28,94.12999725,-1.083604242
2023-09-29,94.04000092,-1.371757659
2023-10-02,93.12999725,0.622787338
2023-10-03,92.40000153,1.32034762
2023-10-04,93.05000305,1.074690991
2023-10-05,93.11000061,0.139616854
2023-10-06,92.75,0.959568075
2023-10-09,93.70999908,-0.629598062
2023-10-10,93.62000275,-1.24973912
2023-10-11,94.05000305,-2.158433113
2023-10-12,93.23999786,-1.683826395
2023-10-13,93.63999939,-1.751387655
2023-10-16,93.12000275,-0.816153473
2023-10-17,92.44999695,0.259605734
2023-10-18,92.01999664,-0.021730758
2023-10-19,91.66999817,1.036330966
2023-10-20,92,0.641300367
2023-10-23,92.36000061,0.010829511
2023-10-24,92.69000244,-0.40997397
2023-10-25,92,1.141307665
2023-10-26,92.62000275,1.068881272
2023-10-27,92.58999634,1.717252436
2023-10-30,92.37000275,1.450683445
2023-10-31,92.30999756,2.058283584
2023-11-01,93.05000305,1.590538075
2023-11-02,93.61000061,0.138871117
2023-11-03,94.18000031,-0.233596539
2023-11-06,93.70999908,0.256106996
2023-11-07,94.20999908,0.976539834
2023-11-08,94.52999878,0.010580912
2023-11-09,93.73999786,1.408149909
2023-11-10,93.95999908,1.372925637
2023-11-13,93.94999695,1.543379058
2023-11-14,95.12999725,0.388944347
2023-11-15,94.54000092,1.110636146
2023-11-17,95.25,-0.104985275
2023-11-20,95.40000153,0.303984183
2023-11-21,95.5,0.638744095
2023-11-22,95.58999634,1.035678974
2023-11-24,95.15000153,1.765633503
2023-11-27,95.69000244,0.804678256
2023-11-28,96.11000061,1.030067483
2023-11-29,96.58000183,0.797263024
2023-11-30,96.26000214,1.163510381
2023-12-01,96.83000183,0.061961745
2023-12-04,96.45999908,0.456150161
2023-12-05,97.09999847,0.092692038
2023-12-06,97.34999847,1.088859994
2023-12-07,97.37999725,1.581434544
2023-12-08,96.88999939,1.857780022
2023-12-11,96.90000153,1.640863068
2023-12-12,97.19000244,1.461053743
2023-12-13,98.41000366,0.569045359
2023-12-14,98.91999817,0.040437643
2023-12-15,98.69000244,0.141857722
2023-12-19,98.61000061,0.425918433
2023-12-20,98.97000122,0.697183422
2023-12-21,98.95999908,0.485047859
2023-12-22,98.83000183,0.424970314
