Date,Close,7_Day_Percent_Change
2018-06-19,49.959999084472656,-0.8566805383396159
2018-06-20,50.58000183105469,-2.9260642612806698
2018-06-21,50.27000045776367,-1.3526960393547394
2018-06-22,50.4900016784668,-1.9013722861081606
2018-06-25,49.45000076293945,0.7886741832787258
2018-06-26,49.53200149536133,-0.6097107809246993
2018-06-28,49.59000015258789,0.7864476476072024
2018-06-29,49.52999877929688,2.5035366626843025
2018-07-02,49.84000015258789,2.4478355075602476
2018-07-03,49.22999954223633,3.674592604973337
2018-07-05,49.97999954223633,3.5814344376187357
2018-07-06,50.77000045776367,1.8120901332484118
2018-07-09,51.060001373291016,0.9400695834830275
2018-07-10,51.03900146484375,1.001190770882876
2018-07-11,50.970001220703125,0.8436340884393045
2018-07-12,51.77000045776367,-1.4100821629930205
2018-07-13,51.68999862670898,-1.5863797961110926
2018-07-16,51.540000915527344,-0.8925088791259084
2018-07-17,51.54999923706055,-0.21338625020286273
2018-07-18,51.400001525878906,0.797665049106433
2018-07-19,51.040000915527344,-2.319752941554565
2018-07-20,50.869998931884766,-3.8529568028831784
2018-07-23,51.08000183105469,-5.755681942084112
2018-07-24,51.43999862670898,-5.793156340966599
2018-07-25,51.810001373291016,-6.851964789925491
2018-07-26,49.85599899291992,-2.5593653474809352
2018-07-27,48.90999984741211,0.0
2018-07-30,48.13999938964844,2.617370486509407
2018-07-31,48.459999084472656,2.0635576122419286
2018-08-01,48.2599983215332,2.4036466799762124
2018-08-02,48.58000183105469,2.2848842194664654
2018-08-03,48.90999984741211,0.7360470486090342
2018-08-06,49.400001525878906,-0.40485983150158056
2018-08-07,49.459999084472656,0.1819655362996997
2018-08-08,49.41999816894531,-1.1331395777866349
2018-08-09,49.68999862670898,-1.710602732164701
2018-08-10,49.27000045776367,-1.3395572179421666
2018-08-13,49.20000076293945,-1.0365896917112316
2018-08-14,49.54999923706055,-1.1301666341397287
2018-08-15,48.86000061035156,0.14326584926278585
2018-08-16,48.84000015258789,-0.22522647421763242
2018-08-17,48.61000061035156,1.7074634970908997
2018-08-20,48.68999862670898,2.526185206260445
2018-08-21,48.9900016784668,1.449273443860144
2018-08-22,48.93000030517578,2.145921174150245
2018-08-23,48.72999954223633,1.9289937113466493
2018-08-24,49.43999862670898,-0.525886587287927
2018-08-28,49.70000076293945,-2.273643965329386
2018-08-29,49.97999954223633,-4.081634522232069
2018-08-30,49.66999816894531,-4.207764072754349
2018-08-31,49.18000030517578,-3.0500203145426563
2018-09-04,48.56999969482422,-0.6382568977533865
2018-09-05,47.93999862670898,0.3754699840051723
2018-09-06,47.58000183105469,1.8495107598831773
2018-09-07,47.68000030517578,1.447144761519814
2018-09-10,47.77999877929688,0.25115686406007587
2018-09-11,48.2599983215332,-0.04143523365496282
2018-09-12,48.119998931884766,0.5195345086226766
2018-09-13,48.459999084472656,0.9079703873688949
2018-09-14,48.369998931884766,0.3721321255955701
2018-09-17,47.900001525878906,1.356988915397972
2018-09-18,48.2400016784668,0.684075466159717
2018-09-19,48.369998931884766,0.8062836432922715
2018-09-20,48.900001525878906,0.5725946228216205
2018-09-21,48.54999923706055,0.9268810916807313
2018-09-24,48.54999923706055,0.5149330667942875
2018-09-25,48.56999969482422,0.39118515112783747
2018-09-26,48.7599983215332,0.4511920186140994
2018-09-27,49.18000030517578,-1.8300152913666823
2018-09-28,49.0,-2.4081638881138345
2018-10-01,48.79999923706055,-2.336064359572121
2018-10-02,48.7599983215332,-2.3174677857175863
2018-10-03,48.97999954223633,-6.594527505969127
2018-10-04,48.27999877929688,-6.048049384370435
2018-10-05,47.81999969482422,-3.0322057134943736
2018-10-08,47.65999984741211,-3.084350032332095
2018-10-09,47.630001068115234,-0.4618963169631285
2018-10-10,45.75,4.043712511740072
2018-10-11,45.36000061035156,3.020279791557412
2018-10-12,46.369998931884766,0.7548033143854438
2018-10-15,46.18999862670898,1.0824854186310295
2018-10-16,47.40999984741211,-1.7295922747592618
2018-10-17,47.59999847412109,-6.78571354155062
2018-10-18,46.72999954223633,-1.9045568122550982
2018-10-19,46.720001220703125,-4.53767699313029
2018-10-22,46.68999862670898,-5.954163334900109
2018-10-23,46.59000015258789,-3.176646356276347
2018-10-24,44.369998931884766,3.7638089336136993
2018-10-25,45.84000015258789,1.0253080696741579
2018-10-26,44.59999847412109,2.7802729167946127
2018-10-29,43.90999984741211,3.962654713079772
2018-10-30,45.11000061035156,1.7956052929156474
2018-10-31,46.040000915527344,1.563851849887854
2018-11-01,46.310001373291016,0.021589983236247612
2018-11-02,45.84000015258789,-1.0253080696741468
2018-11-05,45.650001525878906,-2.102963564252469
2018-11-06,45.91999816894531,-2.983447270281614
2018-11-07,46.7599983215332,-4.255769750216453
2018-11-08,46.31999969482422,-2.633854120770762
2018-11-09,45.369998931884766,-1.0800041333595356
2018-11-12,44.68999862670898,-2.6180313378798226
2018-11-13,44.54999923706055,-3.591466894549522
2018-11-14,44.77000045776367,-2.9260695999475783
2018-11-16,44.880001068115234,-4.434049980182786
2018-11-19,43.52000045776367,0.8042244265616949
2018-11-20,42.95000076293945,2.467980302129358
2018-11-21,43.459999084472656,3.382423496709941
2018-11-23,42.88999938964844,4.942874707516154
2018-11-26,43.869998931884766,2.7581557525192757
2018-11-27,44.0099983215332,-0.590771032604176
2018-11-29,45.08000183105469,-1.8633543000640018
2018-11-30,45.0099983215332,-3.5769759068932427
2018-12-03,45.08000183105469,-2.9946810869212803
2018-12-04,43.75,0.04571533203125977
2018-12-06,44.2400016784668,-0.4520812733983304
2018-12-07,43.400001525878906,0.48386884121982554
2018-12-10,43.72999954223633,-2.2181596863870445
2018-12-11,43.77000045776367,-1.8734285726487165
2018-12-12,44.2400016784668,-4.995485568088487
2018-12-13,44.040000915527344,-6.244323212605618
2018-12-14,43.61000061035156,-8.713595927257456
2018-12-17,42.7599983215332,-8.863417328343303
2018-12-19,42.02999877929688,-2.0699475544912804
2018-12-20,41.290000915527344,0.14530771921388297
2018-12-21,39.810001373291016,3.5418231569268377
2018-12-24,38.970001220703125,5.9276301930587305
2018-12-26,41.15999984741211,1.6277988001127452
2018-12-27,41.34999847412109,-0.5320372772045889
2018-12-28,41.220001220703125,4.075692031595546
2018-12-31,41.27999877929688,5.11143573824373
2019-01-02,41.83000183105469,5.617973634360318
2019-01-03,41.130001068115234,7.634328490408482
2019-01-04,42.900001525878906,2.6806472500657597
2019-01-07,43.38999938964844,1.1523392648843611
2019-01-08,44.119998931884766,1.1332729195481894
2019-01-09,44.18000030517578,0.5658669041944675
2019-01-10,44.27000045776367,0.7680147934768344
2019-01-11,44.04999923706055,2.088540294158636
2019-01-15,44.619998931884766,-1.2998611166325391
2019-01-16,44.43000030517578,-1.327931912075997
2019-01-17,44.61000061035156,-1.277739715367665
2019-01-18,44.970001220703125,-0.8227768212994757
2019-01-22,44.040000915527344,-0.7947372423758647
2019-01-23,43.84000015258789,1.0948894629691175
2019-01-24,44.040000915527344,4.7456859880559366
2019-01-25,44.59999847412109,3.0717551422719813
2019-01-28,44.209999084472656,4.95363602523895
2019-01-29,43.68999862670898,7.370110601776614
2019-01-30,44.31999969482422,3.4747313315238726
2019-01-31,46.130001068115234,-1.5391347988948367
2019-02-01,45.970001220703125,-0.5220832545001275
2019-02-04,46.400001525878906,-2.456903376845543
2019-02-05,46.90999984741211,-2.4088703299741443
2019-02-06,45.86000061035156,-0.10902580984540888
2019-02-07,45.41999816894531,1.2329401053871036
2019-02-08,45.72999954223633,0.9840384155784365
2019-02-12,45.77999877929688,0.9829636848809775
2019-02-13,45.810001373291016,0.5675579867692182
2019-02-14,45.97999954223633,-0.7394522748430554
2019-02-15,46.18000030517578,-0.23819967437123113
2019-02-19,46.22999954223633,-0.23794205373302013
2019-02-20,46.06999969482422,-0.3907104544565554
2019-02-21,45.63999938964844,0.613494266085346
2019-02-22,46.06999969482422,0.455826103459378
2019-02-25,46.119998931884766,0.4770191365963461
2019-02-26,46.119998931884766,1.1058155855200535
2019-02-27,45.88999938964844,1.568971955283005
2019-02-28,45.91999816894531,0.6097617708171077
2019-03-01,46.27999877929688,-0.237684989742859
2019-03-04,46.34000015258789,1.4242551688365745
2019-03-05,46.630001068115234,1.2438301588502787
2019-03-06,46.61000061035156,1.5876375328885528
2019-03-07,46.20000076293945,2.034629028541124
2019-03-08,46.16999816894531,1.8410273392431842
2019-03-11,47.0,-0.8085129108834743
2019-03-12,47.209999084472656,-1.0802760674082257
2019-03-13,47.34999847412109,-0.48574350506479513
2019-03-14,47.13999938964844,1.2728092842320127
2019-03-15,47.02000045776367,-0.10633610500591084
2019-03-18,46.619998931884766,0.5791515743236442
2019-03-19,46.70000076293945,0.8993536661323187
2019-03-20,47.119998931884766,-0.7215623096243684
2019-03-21,47.7400016784668,-2.2413143525382595
2019-03-22,46.970001220703125,-0.42580531773820374
2019-03-25,46.88999938964844,1.2582643639746705
2019-03-26,47.119998931884766,1.2945683874767466
2019-03-27,46.77999877929688,2.415564552377303
2019-03-28,46.66999816894531,3.2354878840240353
2019-03-29,46.77000045776367,3.31408856508415
2019-04-01,47.47999954223633,1.579612483637094
2019-04-02,47.72999954223633,1.3199268262253927
2019-04-03,47.90999984741211,1.3775826539639713
2019-04-04,48.18000030517578,0.8717272027501055
2019-04-05,48.31999969482422,1.4486770847691677
2019-04-08,48.22999954223633,1.5550487396194246
2019-04-09,48.36000061035156,1.3854387106891464
2019-04-10,48.56999969482422,1.1323846829654372
2019-04-11,48.59999847412109,1.1316935576668685
2019-04-15,48.97999954223633,0.7962421259561925
2019-04-16,49.02999877929688,2.039567662445574
2019-04-17,49.119998931884766,1.3843654722361487
2019-04-18,49.150001525878906,2.461849535926386
2019-04-22,49.369998931884766,3.747219624960474
2019-04-23,50.02999877929688,0.07995386069026278
2019-04-24,49.79999923706055,0.020084611212256576
2019-04-25,50.36000061035156,-1.489277186080562
2019-04-26,50.7599983215332,-1.3199333946019576
2019-04-29,51.220001220703125,-2.362364057658084
2019-04-30,50.06999969482422,-1.7375652829786148
2019-05-01,49.810001373291016,-1.3852688664574897
2019-05-02,49.61000061035156,-1.2900612412306556
2019-05-03,50.09000015258789,-1.9564774191474954
2019-05-06,50.0099983215332,-4.839028694594683
2019-05-07,49.20000076293945,-2.7235775036761
2019-05-08,49.119998931884766,-0.3868050302127557
2019-05-09,48.970001220703125,0.7964046966034255
2019-05-10,49.11000061035156,-0.22398820807258968
2019-05-13,47.59000015258789,1.2607658587882042
2019-05-14,47.86000061035156,1.7969088996742544
2019-05-15,48.93000030517578,-0.531375709398807
2019-05-16,49.36000061035156,-2.775524544052488
2019-05-17,49.0,-2.081633587272802
2019-05-21,48.720001220703125,-1.087854229709928
2019-05-22,48.66999816894531,-1.9519149044232909
2019-05-23,47.9900016784668,-0.3334024626298393
2019-05-24,47.97999954223633,-1.8549383037508749
2019-05-28,48.18999862670898,-3.3201878392133843
2019-05-29,47.720001220703125,-2.326069953807952
2019-05-30,47.83000183105469,-2.132553666559578
2019-05-31,47.09000015258789,1.0193237219812357
2019-06-03,45.61000061035156,4.209599086279248
2019-06-04,46.59000015258789,2.446875694172146
2019-06-05,46.61000061035156,1.9094601544604517
2019-06-06,46.810001373291016,2.606275091249999
2019-06-07,47.56999969482422,1.1561892801954077
2019-06-10,47.52999877929688,2.3984839447229067
2019-06-11,47.72999954223633,2.535091338942763
2019-06-12,47.5,3.157894736842115
2019-06-13,48.02999877929688,2.665006509527279
2019-06-14,48.119998931884766,2.6600220748259407
2019-06-17,48.66999816894531,1.7464604906451742
2019-06-18,48.93999862670898,-0.6947285699397954
2019-06-19,49.0,-1.2040819440569228
2019-06-20,49.310001373291016,-1.135675030815031
2019-06-21,49.400001525878906,-0.36437307614552994
2019-06-24,49.52000045776367,0.20193552745699783
2019-06-25,48.59999847412109,3.045274492594241
2019-06-26,48.40999984741211,3.9867802339581093
2019-06-28,49.220001220703125,2.417713525387799
2019-07-01,49.619998931884766,0.6852078998522693
2019-07-02,50.08000183105469,0.3793902151799866
2019-07-03,50.34000015258789,0.9932459246810188
2019-07-05,50.40999984741211,1.6465023478814844
2019-07-08,49.959999084472656,2.582067532359633
2019-07-09,50.27000045776367,1.7107630843849364
2019-07-10,50.84000015258789,-0.37371877682678134
2019-07-11,50.869998931884766,-1.2384455801965677
2019-07-12,51.2400016784668,-3.2201433876461127
2019-07-15,51.25,-2.8682950647865746
2019-07-16,51.130001068115234,-2.2687264290621845
2019-07-17,50.650001525878906,-0.47384337855186365
2019-07-18,50.2400016784668,0.07961206109439178
2019-07-19,49.59000015258789,4.295222951323341
2019-07-22,49.77999877929688,3.3145873168745954
2019-07-23,49.970001220703125,2.441459628182674
2019-07-24,50.40999984741211,0.733979236272031
2019-07-25,50.27999877929688,0.5171084776110169
2019-07-26,51.720001220703125,-3.228928739804615
2019-07-29,51.43000030517578,-5.833171266184278
2019-07-30,51.18999862670898,-4.024218819804604
2019-07-31,50.77999877929688,-3.1311543733950398
2019-08-01,50.540000915527344,-0.7123082782552137
2019-08-02,50.04999923706055,-0.8591414819790422
2019-08-05,48.43000030517578,1.3627913344067766
2019-08-06,49.130001068115234,1.3840836360516473
2019-08-07,49.18999862670898,-2.3378689637881256
2019-08-08,50.18000030517578,-4.105223915430189
2019-08-09,49.619998931884766,-1.7734729390582515
2019-08-12,49.09000015258789,0.8352003384348938
2019-08-13,49.810001373291016,-1.2848889514162631
2019-08-14,48.040000915527344,2.7477095538471774
2019-08-15,48.119998931884766,2.348298198665355
2019-08-16,48.7400016784668,-1.723430700986206
2019-08-19,49.5,-1.7777799355863322
2019-08-20,49.16999816894531,-0.9355279674652883
2019-08-21,49.36000061035156,-1.0737414358656383
2019-08-22,49.25,0.6903556397723776
2019-08-23,47.900001525878906,3.4029169133477755
2019-08-27,48.709999084472656,0.6774827289206087
2019-08-28,48.83000183105469,2.3755883758218133
2019-08-29,49.59000015258789,2.5206694820604225
2019-08-30,49.52999877929688,2.4227756763867347
2019-09-03,49.040000915527344,3.9151674818533433
2019-09-04,49.9900016784668,2.4804917426191286
2019-09-05,50.84000015258789,1.062157580461487
2019-09-06,50.72999954223633,1.10388602078495
2019-09-09,50.88999938964844,0.41265295144681247
2019-09-10,50.959999084472656,0.3728462417970091
2019-09-11,51.22999954223633,-0.273276187584226
2019-09-12,51.380001068115234,-0.4671110811162116
2019-09-13,51.290000915527344,-1.1698231197276532
2019-09-16,51.09999847412109,-1.1545991589152038
2019-09-17,51.150001525878906,-2.7370507998334848
2019-09-18,51.09000015258789,-1.5071451467292052
2019-09-19,51.13999938964844,-2.5615908764733297
2019-09-20,50.68999862670898,-2.8013379511063863
2019-09-23,50.5099983215332,-1.9600037550337457
2019-09-24,49.75,-1.4673357632891015
2019-09-25,50.31999969482422,-4.054055898051134
2019-09-26,49.83000183105469,-2.167372649746957
2019-09-27,49.27000045776367,0.2841473276795403
2019-09-30,49.52000045776367,-0.22213370221064732
2019-10-01,49.02000045776367,-0.8363929897662326
2019-10-02,48.27999877929688,1.2841813634177024
2019-10-03,48.75,0.8820519080528832
2019-10-04,49.40999984741211,0.7083555458448965
2019-10-07,49.40999984741211,0.48573503179107913
2019-10-08,48.61000061035156,3.888087566174514
2019-10-09,48.900001525878906,3.4560298036281356
2019-10-10,49.18000030517578,3.477021296993965
2019-10-11,49.7599983215332,1.0852108797070992
2019-10-14,49.650001525878906,1.9133875509490528
2019-10-15,50.5,-0.772276019105822
2019-10-16,50.59000015258789,-0.17790107198346616
2019-10-17,50.88999938964844,-1.8864199174424279
2019-10-18,50.29999923706055,0.03976234208158402
2019-10-21,50.59999847412109,0.37549890738324265
2019-10-22,50.11000061035156,0.439036555624539
2019-10-23,50.5,-0.059403523360146426
2019-10-24,49.93000030517578,1.3819319497129223
2019-10-25,50.31999969482422,1.251989411637533
2019-10-28,50.790000915527344,0.8663095467172255
2019-10-29,50.33000183105469,1.827931920275927
2019-10-30,50.470001220703125,1.18882199248882
2019-10-31,50.619998931884766,1.5211388265728765
2019-11-01,50.95000076293945,1.1383670415552105
2019-11-04,51.22999954223633,0.11712155734364682
2019-11-05,51.25,0.19511897389479227
2019-11-06,51.06999969482422,0.5091093357825427
2019-11-07,51.38999938964844,0.3308075222060003
2019-11-08,51.52999877929688,0.892689520797596
2019-11-11,51.290000915527344,1.7157286755898005
2019-11-12,51.34999847412109,1.655311225075784
2019-11-13,51.33000183105469,1.0714966246656132
2019-11-14,51.560001373291016,0.8921626691634321
2019-11-15,51.9900016784668,0.09617087025648452
2019-11-18,52.16999816894531,0.057509287036938694
2019-11-19,52.20000076293945,0.3256669855568495
2019-11-20,51.880001068115234,1.6576726920696006
2019-11-22,52.040000915527344,0.9992322225507833
2019-11-25,52.20000076293945,-0.26819806054070305
2019-11-26,52.369998931884766,-0.7828906927139334
2019-11-27,52.7400016784668,-0.967011983313415
2019-11-29,52.560001373291016,0.38051168762680554
2019-12-02,52.060001373291016,0.9604302474270021
2019-12-03,51.959999084472656,0.808317919636159
2019-12-04,52.22999954223633,0.7466961383621351
2019-12-05,52.45000076293945,0.4385119902588164
2019-12-06,52.7599983215332,-0.3790692846943555
2019-12-09,52.560001373291016,0.9893463549792036
2019-12-10,52.380001068115234,1.2409272583564723
2019-12-11,52.619998931884766,1.463322830470637
2019-12-12,52.68000030517578,2.27790576307485
2019-12-13,52.560001373291016,2.6065428007788105
2019-12-16,53.08000183105469,1.3376018462329275
2019-12-17,53.02999877929688,1.4142938285203188
2019-12-19,53.880001068115234,0.5753480928885724
2019-12-20,53.93000030517578,0.29668059800984636
2019-12-23,53.790000915527344,-0.48336518275724494
2019-12-24,53.77999877929688,-0.27890984489830073
2019-12-26,54.18999862670898,0.1291745646764486
2019-12-27,54.09000015258789,-0.3327792654242989
2019-12-30,53.52999877929688,2.0549267960076723
2019-12-31,53.630001068115234,1.9951513584070435
2020-01-02,54.2599983215332,2.0641407689420355
2020-01-03,53.90999984741211,2.3186792868447936
2020-01-06,54.630001068115234,1.922019433518507
2020-01-07,54.70000076293945,1.5356492520508525
2020-01-08,55.09000015258789,1.3069544721526105
2020-01-09,55.380001068115234,1.5529082588745302
2020-01-10,55.15999984741211,2.755620852009466
2020-01-14,55.540000915527344,1.962549756248122
2020-01-15,55.810001373291016,1.4155117029044595
2020-01-16,56.2400016784668,0.23114731425717405
2020-01-17,56.68000030517578,-1.7466507994644442
2020-01-21,56.630001068115234,-2.08370171802833
2020-01-22,56.59999847412109,-2.190809005651262
2020-01-23,56.369998931884766,-2.7851689277506364
2020-01-24,55.68999862670898,-3.196262925463922
2020-01-27,54.81999969482422,-0.4925218155175659
2020-01-28,55.45000076293945,-0.5951340424060869
2020-01-29,55.36000061035156,-0.2709565105222578
2020-01-30,54.79999923706055,2.0073034746950214
2020-01-31,53.90999984741211,3.6171411026873823
2020-02-03,54.54999923706055,3.0064150551522673
2020-02-04,55.119998931884766,1.8323696585672788
2020-02-05,55.209999084472656,2.988591837059018
2020-02-06,55.900001525878906,1.7352368148984665
2020-02-07,55.86000061035156,1.9334013687018814
2020-02-11,56.130001068115234,2.1200759024837534
2020-02-12,56.86000061035156,1.2662701599972292
2020-02-13,56.869998931884766,0.21101239464724753
2020-02-14,56.93999862670898,-1.4401118977891425
2020-02-18,57.31999969482422,-7.902998610284218
2020-02-19,57.58000183105469,-8.492537424179758
2020-02-20,56.9900016784668,-11.194948026341024
2020-02-21,56.119998931884766,-9.55096349316974
2020-02-24,54.2400016784668,-3.1710935978565113
2020-02-25,52.790000915527344,-3.788596259356636
2020-02-26,52.68999862670898,-0.13285195795911253
2020-02-27,50.61000061035156,0.17783076763979722
2020-02-28,50.7599983215332,-1.8518492076273763
2020-03-02,52.52000045776367,-11.462300847854955
2020-03-03,50.790000915527344,-3.780275544463718
2020-03-04,52.619998931884766,-11.117443163945639
2020-03-05,50.70000076293945,-16.410255561388375
2020-03-06,49.81999969482422,-7.286232618127375
2020-03-09,46.5,-11.870968726373487
2020-03-10,48.869998931884766,-12.502559328613271
2020-03-11,46.77000045776367,-11.61000695323795
2020-03-12,42.380001068115234,-0.7078792579036874
2020-03-13,46.18999862670898,-12.924870282532874
2020-03-16,40.97999954223633,-1.610541373315233
2020-03-17,42.7599983215332,0.09354751425985075
2020-03-18,41.34000015258789,1.9351698938261164
2020-03-19,42.08000183105469,5.846005174498825
2020-03-20,40.220001220703125,6.315258636846144
2020-03-23,40.31999969482422,9.920634995722665
2020-03-24,42.79999923706055,3.3644917455029955
2020-03-25,42.13999938964844,0.8068347354352579
2020-03-26,44.540000915527344,-3.412663732644372
2020-03-27,42.7599983215332,-1.4265594471436494
2020-03-30,44.31999969482422,1.3763551772379534
2020-03-31,44.2400016784668,2.3055981111385737
2020-04-01,42.47999954223633,8.827683710946154
2020-04-02,43.02000045776367,8.251973963937731
2020-04-06,44.93000030517578,3.8059182569728733
2020-04-07,45.2599983215332,6.098104813489025
2020-04-08,46.22999954223633,2.8985510834012684
2020-04-09,46.56999969482422,2.5552901750206303
2020-04-13,46.63999938964844,2.851633465822645
2020-04-14,48.02000045776367,-3.2486492261971645
2020-04-15,47.56999969482422,0.29430185105439044
2020-04-16,47.7599983215332,0.6072046183397628
2020-04-17,48.40999984741211,0.5164222284403941
2020-04-20,47.970001220703125,2.272253752033393
2020-04-21,46.459999084472656,3.6805835518067154
2020-04-22,47.709999084472656,5.847832674629738
2020-04-23,48.04999923706055,4.640998080425263
2020-04-24,48.65999984741211,1.8906740372534259
2020-04-27,49.060001373291016,1.6510345208321286
2020-04-28,48.16999816894531,4.068928739203304
2020-04-29,50.5,-1.0098976664023818
2020-04-30,50.27999877929688,1.2927636071195403
2020-05-01,49.58000183105469,4.598625847304394
2020-05-04,49.869998931884766,4.050532386260319
2020-05-05,50.130001068115234,1.4961100818268847
2020-05-06,49.9900016784668,0.04000128504699774
2020-05-07,50.93000030517578,-0.7461242211628583
2020-05-08,51.86000061035156,-1.1762448962058136
2020-05-11,51.88999938964844,0.847952296361032
2020-05-12,50.880001068115234,2.830185920753414
2020-05-13,50.0099983215332,7.51850082468708
2020-05-14,50.54999923706055,5.618200188825639
2020-05-15,51.25,4.799998213605172
2020-05-19,52.31999969482422,2.9434268434823663
2020-05-20,53.77000045776367,0.8740956233993513
2020-05-21,53.38999938964844,0.6368236682426476
2020-05-22,53.709999084472656,0.5771762773696176
2020-05-26,53.86000061035156,1.8566654078496336
2020-05-27,54.2400016784668,1.4564842853677762
2020-05-28,53.72999954223633,1.656429177798202
2020-05-29,54.02000045776367,2.7582337118536415
2020-06-01,54.63999938964844,3.4956073732569592
2020-06-02,54.86000061035156,2.8253722563176042
2020-06-03,55.02999877929688,2.1988059713080377
2020-06-04,54.619998931884766,-1.7759015470057427
2020-06-05,55.5099983215332,-2.504052299906545
2020-06-08,56.54999923706055,-2.7586164096203736
2020-06-09,56.40999984741211,-1.7195554393316215
2020-06-10,56.2400016784668,-1.298014465054853
2020-06-11,53.650001525878906,3.8024176007638077
2020-06-12,54.119998931884766,2.6238026823130367
2020-06-15,54.9900016784668,1.0183625050024903
2020-06-16,55.43999862670898,0.8477655706086162
2020-06-17,55.5099983215332,-1.5492646760190798
2020-06-18,55.68999862670898,-1.4365222783052078
2020-06-19,55.540000915527344,-5.527547072772798
2020-06-22,55.54999923706055,-3.798380988894534
2020-06-23,55.90999984741211,-3.3446591611309473
2020-06-24,54.650001525878906,1.3357722266313932
2020-06-25,54.88999938964844,0.5647684036037326
2020-06-29,53.43999862670898,5.370514259608594
2020-06-30,54.040000915527344,3.9045162372402853
2020-07-01,55.380001068115234,2.29324744180055
2020-07-02,55.20000076293945,2.753623979628972
2020-07-06,56.310001373291016,0.4084523825734099
2020-07-07,56.150001525878906,1.6918912242670947
2020-07-08,56.650001525878906,1.3945226470456262
2020-07-09,56.720001220703125,1.4456975972788166
2020-07-10,57.70000076293945,-0.502601233436395
2020-07-13,56.540000915527344,2.7591042329914828
2020-07-14,57.09999847412109,1.2609478808120356
2020-07-15,57.43999862670898,0.7660209817652364
2020-07-16,57.540000915527344,-1.0427568287654565
2020-07-17,57.40999984741211,-0.9754422135158203
2020-07-20,58.09999847412109,-1.4802010640970198
2020-07-21,57.81999969482422,-2.0235181167772343
2020-07-22,57.880001068115234,-1.226680867428398
2020-07-23,56.93999862670898,0.6849371509516811
2020-07-24,56.84999847412109,2.251543761389585
2020-07-27,57.2400016784668,1.6422057986462457
2020-07-28,56.650001525878906,3.353923495154154
2020-07-29,57.16999816894531,2.256429870288268
2020-07-30,57.33000183105469,4.657244171757591
2020-07-31,58.130001068115234,3.0965064579155266
2020-08-03,58.18000030517578,2.6641444292372363
2020-08-04,58.54999923706055,0.4953047298142055
2020-08-05,58.459999084472656,1.8474201983720961
2020-08-06,60.0,-0.2666664123535112
2020-08-07,59.93000030517578,-0.166858791276292
2020-08-10,59.72999954223633,0.28461741996559375
2020-08-11,58.84000015258789,2.7192360128685644
2020-08-12,59.540000915527344,1.2260657222226357
2020-08-13,59.84000015258789,1.9719256386478312
2020-08-14,59.83000183105469,1.5376870145235255
2020-08-17,59.900001525878906,2.6544242271862917
2020-08-18,60.43999862670898,2.6968913056773847
2020-08-19,60.27000045776367,6.504068282510889
2020-08-20,61.02000045776367,3.9167475773828064
2020-08-21,60.75,4.625516663853513
2020-08-24,61.4900016784668,2.8785112941153823
2020-08-25,62.06999969482422,2.7549526226520182
2020-08-26,64.19000244140625,1.4799764949523952
2020-08-27,63.40999984741211,-0.7569776744857037
2020-08-28,63.560001373291016,-2.8005074819619558
2020-09-01,63.77999877929688,-5.691435125264189
2020-09-02,65.13999938964844,-6.555112830477283
2020-09-03,62.93000030517578,-4.7036374862836405
2020-09-04,61.77999877929688,-3.237293686496834
2020-09-08,60.150001525878906,1.5461351314773664
2020-09-09,60.869998931884766,-0.7392817000753005
2020-09-10,59.970001220703125,-1.1005499982952527
2020-09-11,59.77999877929688,-1.739707464146456
2020-09-14,60.0099983215332,-3.466085776594774
2020-09-15,61.08000183105469,-3.3235142978696453
2020-09-16,60.41999816894531,-4.601123574223709
2020-09-17,59.310001373291016,-2.6302501048221627
2020-09-18,58.7400016784668,-0.37453390265015374
2020-09-21,57.93000030517578,2.36492132689039
2020-09-22,59.04999923706055,0.524981163922611
2020-09-23,57.63999938964844,3.053438852996493
2020-09-24,57.75,4.329004329004338
2020-09-25,58.52000045776367,0.9227630063282088
2020-09-28,59.29999923706055,1.2310279116835243
2020-09-29,59.36000061035156,-0.9939355568082675
2020-09-30,59.400001525878906,-0.33670161246093233
2020-10-01,60.25,-0.46472826439315496
2020-10-02,59.060001373291016,2.150356295687472
2020-10-05,60.02999877929688,3.1484248343850663
2020-10-06,58.77000045776367,5.461968792699934
2020-10-07,59.20000076293945,3.4459474480352137
2020-10-08,59.970001220703125,1.333999034144373
2020-10-09,60.33000183105469,0.7458924823213975
2020-10-12,61.91999816894531,-3.601420555846757
2020-10-13,61.97999954223633,-3.000969061130865
2020-10-14,61.2400016784668,-0.17962215437077322
2020-10-15,60.77000045776367,1.2506143093769184
2020-10-16,60.77999877929688,2.188222865690004
2020-10-19,59.68999862670898,1.7758441911183365
2020-10-20,60.119998931884766,1.6966075779863532
2020-10-21,61.130001068115234,-3.909699571222547
2020-10-22,61.52999877929688,-2.129038817784823
2020-10-23,62.11000061035156,-4.685235580125102
2020-10-26,60.75,-2.6008260593492816
2020-10-27,61.13999938964844,-1.7827938558541034
2020-10-28,58.7400016784668,6.63942390150003
2020-10-29,60.220001220703125,6.02789302529938
2020-10-30,59.20000076293945,7.60135125338901
2020-11-02,59.16999816894531,6.743285113976727
2020-11-03,60.04999923706055,4.845961506051388
2020-11-04,62.63999938964844,1.4208164085575126
2020-11-05,63.84999847412109,-1.0649965879817258
2020-11-06,63.70000076293945,0.6436418249631259
2020-11-09,63.15999984741211,2.1532564897718487
2020-11-10,62.959999084472656,2.1124552896994775
2020-11-11,63.52999877929688,0.17314750899601883
2020-11-12,63.16999816894531,1.3614067362350157
2020-11-13,64.11000061035156,-0.35875766658344244
2020-11-16,64.5199966430664,-0.9454383561562807
2020-11-17,64.29000091552734,1.4465706827376357
2020-11-18,63.63999938964844,2.4670014297322407
2020-11-20,63.880001068115234,2.7395055667527535
2020-11-23,63.90999984741211,2.331406168086758
2020-11-24,65.22000122070312,2.1159111125252705
2020-11-25,65.20999908447266,3.082352652124287
2020-11-27,65.62999725341797,2.0569955203606494
2020-11-30,65.4000015258789,3.0581039041850833
2020-12-01,66.5999984741211,1.0510579484603433
2020-12-02,67.22000122070312,-1.0711115852841901
2020-12-03,66.91999816894531,-0.5678381109016639
2020-12-04,66.9800033569336,-0.05972068307339429
2020-12-07,67.4000015258789,-0.9940625426960281
2020-12-08,67.30000305175781,-0.029724029054722934
2020-12-09,66.5,1.0827086025611
2020-12-10,66.54000091552734,0.7664594668069125
2020-12-11,66.94000244140625,0.2539560244177119
2020-12-14,66.7300033569336,-0.4495774564150956
2020-12-15,67.27999877929688,-2.1849007838499968
2020-12-16,67.22000122070312,-1.5322802151030657
2020-12-17,67.05000305175781,-1.1782265168840067
2020-12-21,66.43000030517578,1.5354457901258334
2020-12-22,65.80999755859375,2.400853805909864
2020-12-23,66.19000244140625,1.1331016351962209
2020-12-24,66.26000213623047,1.8412332951556643
2020-12-28,67.44999694824219,-1.4380928616689492
2020-12-29,67.38999938964844,-0.9942100831183964
2020-12-30,66.94000244140625,-0.8066938987640659
2020-12-31,67.4800033569336,-0.29639088276092185
2021-01-04,66.4800033569336,-0.28580389863418487
2021-01-05,66.72000122070312,-2.248201397716032
2021-01-06,66.4000015258789,-1.430729752719151
2021-01-07,67.27999877929688,-3.269912289176735
2021-01-08,67.48999786376953,-3.259737765413684
2021-01-12,65.22000122070312,1.9165899671943043
2021-01-13,65.44999694824219,4.751720023472195
2021-01-14,65.08000183105469,5.731400772271011
2021-01-15,65.29000091552734,5.437272740976518
2021-01-19,66.47000122070312,5.581463842845724
2021-01-20,68.55999755859375,-0.9480658104295658
2021-01-21,68.80999755859375,-0.9591571808338473
2021-01-22,68.83999633789062,-2.8471806925327248
2021-01-25,69.23999786376953,-1.6031205150171979
2021-01-26,70.18000030517578,-1.4391594925028506
2021-01-27,67.91000366210938,3.2248486142162136
2021-01-28,68.1500015258789,3.4776156480165854
2021-01-29,66.87999725341797,6.773335219387877
2021-02-01,68.12999725341797,5.225312390291759
2021-02-02,69.16999816894531,3.9901723424789814
2021-02-03,70.0999984741211,3.5806022694238493
2021-02-04,70.5199966430664,3.077149605271856
2021-02-05,71.41000366210938,2.226573668045173
2021-02-09,71.93000030517578,1.9741389725020486
2021-02-10,72.61000061035156,1.3083555161226057
2021-02-11,72.69000244140625,0.7016019943692164
2021-02-12,73.0,-0.712324168584122
2021-02-16,73.3499984741211,-0.8179938467657633
2021-02-17,73.55999755859375,-0.9244158887228515
2021-02-18,73.19999694824219,-2.609284306480708
2021-02-19,72.4800033569336,-1.2555237582260959
2021-02-22,72.19000244140625,1.6761311034097393
2021-02-23,72.75,0.15120358811211432
2021-02-24,72.87999725341797,-1.4544423690192154
2021-02-25,71.29000091552734,0.56109064488985
2021-02-26,71.56999969482422,2.515024534627708
2021-03-01,73.4000015258789,-1.3760246801553078
2021-03-02,72.86000061035156,0.46664333659409696
2021-03-03,71.81999969482422,2.3531083940230735
2021-03-04,71.69000244140625,4.477610510749042
2021-03-05,73.37000274658203,1.7990999664855734
2021-03-08,72.38999938964844,3.909382310976195
2021-03-09,73.19999694824219,3.83880506166574
2021-03-10,73.51000213623047,3.4144938564746097
2021-03-11,74.9000015258789,-0.18691506915399225
2021-03-12,74.69000244140625,0.9639860719886206
2021-03-15,75.22000122070312,0.9173124570707181
2021-03-16,76.01000213623047,-0.868311595264093
2021-03-17,76.0199966430664,-3.38068904013642
2021-03-18,74.76000213623047,-2.233822566372723
2021-03-19,75.41000366210938,-4.137385751314737
2021-03-22,75.91000366210938,-3.793972788661659
2021-03-23,75.3499984741211,-3.0789644881293765
2021-03-24,73.44999694824219,-0.17698741840598275
2021-03-25,73.08999633789062,2.0385901871931456
2021-03-29,73.02999877929688,4.272220729471665
2021-03-30,73.02999877929688,4.532380684541515
2021-03-31,73.31999969482422,4.9236233297562215
2021-04-01,74.58000183105469,3.1643879758781024
2021-04-05,76.1500015258789,0.6040696982997806
2021-04-06,76.33999633789062,0.4846774486919614
2021-04-07,76.93000030517578,-1.312884612275922
2021-04-08,76.94000244140625,-0.06498966749565183
2021-04-09,76.91999816894531,-0.10400654310855906
2021-04-12,76.61000061035156,-0.26105853889676345
2021-04-13,76.70999908447266,-0.9255626293135588
2021-04-14,75.91999816894531,0.27660575544976584
2021-04-15,76.88999938964844,-1.7167378141531464
2021-04-16,76.83999633789062,-0.5075473818784149
2021-04-19,76.41000366210938,0.26174183831555453
2021-04-20,76.0,0.39474085757607025
2021-04-21,76.12999725341797,1.1427857322600543
2021-04-22,75.56999969482422,4.710860887878998
2021-04-23,76.44999694824219,2.0928792248335215
2021-04-26,76.61000061035156,1.3444703969336613
2021-04-27,76.30000305175781,0.8387933998040609
2021-04-28,77.0,-0.27272608373072327
2021-04-29,79.12999725341797,-1.8197837255068516
2021-04-30,78.05000305175781,0.2946774100528238
2021-05-03,77.63999938964844,-1.1076772502734311
2021-05-04,76.94000244140625,-0.49389767449239397
2021-05-05,76.79000091552734,-2.252901857413281
2021-05-06,77.69000244140625,-2.6901839382247883
2021-05-07,78.27999877929688,-1.5201870975513843
2021-05-10,76.77999877929688,-0.3907207959531367
2021-05-11,76.55999755859375,-1.1233028184116312
2021-05-12,75.05999755859375,1.0125261936455354
2021-05-13,75.5999984741211,2.0105877025662355
2021-05-14,77.08999633789062,-0.2983470469125171
2021-05-17,76.4800033569336,2.327404159476276
2021-05-18,75.69999694824219,3.3553514107325544
2021-05-19,75.81999969482422,3.864416139500193
2021-05-20,77.12000274658203,2.5025936675829863
2021-05-21,76.86000061035156,2.5110594455496793
2021-05-25,78.23999786376953,0.7668692363282048
2021-05-26,78.75,-0.19047812810020215
2021-05-27,79.05000305175781,-1.2397258938648514
2021-05-28,78.79000091552734,0.5076805701623943
2021-06-01,78.83999633789062,0.6722557500128623
2021-06-02,78.5999984741211,0.8778657185768646
2021-06-03,78.06999969482422,2.1134898582410244
2021-06-04,79.19000244140625,0.7829209471817311
2021-06-07,79.5999984741211,0.9296455753200927
2021-06-08,79.37000274658203,0.6425532180769578
2021-06-09,79.29000091552734,-0.13873200792210438
2021-06-10,79.72000122070312,-0.26342082445693915
2021-06-11,79.80999755859375,-1.5411549494611099
2021-06-14,80.33999633789062,-1.4189686851040828
2021-06-15,79.87999725341797,0.0
2021-06-16,79.18000030517578,0.7830294824354933
2021-06-17,79.51000213623047,1.3080126871905184
2021-06-18,78.58000183105469,2.6342576311905397
2021-06-21,79.19999694824219,2.979798865262384
2021-06-22,79.87999725341797,1.552335422884621
2021-06-23,79.80000305175781,1.4661630629092315
2021-06-24,80.55000305175781,1.2662900116974463
2021-06-25,80.6500015258789,1.8474864669300928
2021-06-29,81.12000274658203,1.0108477158043083
2021-06-30,80.97000122070312,1.0497696199907702
2021-07-01,81.56999969482422,-0.7968634648899631
2021-07-02,82.13999938964844,-0.6087168294561907
2021-07-06,81.94000244140625,0.0854279872328112
2021-07-07,81.81999969482422,0.1588820018367576
2021-07-08,80.91999816894531,0.5561104644332682
2021-07-09,81.63999938964844,-0.9554125246548861
2021-07-12,82.22000122070312,-3.1500899158743767
2021-07-13,82.01000213623047,-1.8046620148541082
2021-07-14,81.94999694824219,-0.9151922244410637
2021-07-15,81.37000274658203,0.13518570313209022
2021-07-16,80.86000061035156,3.264901520802699
2021-07-19,79.62999725341797,5.399978902514957
2021-07-20,80.52999877929688,2.9802577452614054
2021-07-21,81.19999694824219,2.93104060623246
2021-07-22,81.4800033569336,1.4727502439898732
2021-07-23,83.5,-1.3173634420611924
2021-07-26,83.93000030517578,-2.0493282669475366
2021-07-27,82.93000030517578,-1.3143662887664664
2021-07-28,83.58000183105469,-1.8066548254960901
2021-07-29,82.68000030517578,0.16932678898367026
2021-07-30,82.4000015258789,0.5097065062716233
2021-08-02,82.20999908447266,0.5595415273025317
2021-08-03,81.83999633789062,1.2096841855620877
2021-08-04,82.06999969482422,1.1209920462608824
2021-08-05,82.81999969482422,0.38637973436772555
2021-08-06,82.81999969482422,0.44675531024562787
2021-08-09,82.66999816894531,0.7983593525193733
2021-08-10,82.83000183105469,-0.229388430769073
2021-08-11,82.98999786376953,-1.180860046710397
2021-08-12,83.13999938964844,-1.3471286442196972
2021-08-13,83.19000244140625,-0.5529499590971265
2021-08-16,83.33000183105469,0.48002102134820923
2021-08-17,82.63999938964844,1.645692909482177
2021-08-18,82.01000213623047,2.585044582325313
2021-08-19,82.0199966430664,1.6825224814602135
2021-08-20,82.7300033569336,2.405412526316253
2021-08-23,83.7300033569336,1.8750742050390734
2021-08-24,84.0,1.9285746983119356
2021-08-25,84.12999725341797,2.282189303485138
2021-08-26,83.4000015258789,2.4820139771603023
2021-08-27,84.72000122070312,0.8852691090574849
2021-08-31,85.62000274658203,0.05839222233063879
2021-09-01,86.05000305175781,-0.9529339520546021
2021-09-02,85.47000122070312,-0.7722050458442098
2021-09-03,85.47000122070312,-1.4157003243139843
2021-09-07,85.66999816894531,-2.2528310335313995
2021-09-08,85.2300033569336,-1.2671615493569321
2021-09-09,84.80999755859375,-0.8725361220041083
2021-09-10,84.26000213623047,-1.3292223097398304
2021-09-13,84.47000122070312,-3.7172953051631374
2021-09-14,83.73999786376953,-3.2839742896504154
2021-09-15,84.1500015258789,-3.8027385853969475
2021-09-16,84.06999969482422,-2.723921641299032
2021-09-17,83.13999938964844,-0.8299283695835102
2021-09-20,81.33000183105469,1.364810752933887
2021-09-21,80.98999786376953,-0.6914403918564127
2021-09-22,80.94999694824219,-0.7288404695899531
2021-09-23,81.77999877929688,-2.0420618658263945
2021-09-24,82.44999694824219,-1.200725167268346
2021-09-27,82.44000244140625,-3.323635870961439
2021-09-28,80.43000030517578,0.57192475783574
2021-09-29,80.36000061035156,0.8337458485023985
2021-09-30,80.11000061035156,1.585315982262392
2021-10-01,81.45999908447266,-0.5892410175960316
2021-10-04,79.69999694824219,0.07528882093590372
2021-10-05,80.88999938964844,-2.3117848444703215
2021-10-06,81.02999877929688,-2.0239410272180014
2021-10-07,81.37999725341797,-1.0690527728556276
2021-10-08,80.9800033569336,-0.8150205418000489
2021-10-11,79.76000213623047,1.4794386579382701
2021-10-12,79.0199966430664,3.416862430193013
2021-10-13,79.38999938964844,3.1364124989452957
2021-10-14,80.51000213623047,1.999752288699841
2021-10-15,80.31999969482422,0.0746981559035298
2021-10-18,80.94000244140625,-0.2594503065708187
2021-10-19,81.72000122070312,-2.0925098616364712
2021-10-20,81.87999725341797,-2.552511489982223
2021-10-21,82.12000274658203,-2.520700956637967
2021-10-22,80.37999725341797,-0.0995200353241521
2021-10-25,80.7300033569336,-0.3716128320116696
2021-10-26,80.01000213623047,0.5374331879702154
2021-10-27,79.79000091552734,1.1780955390656267
2021-10-28,80.05000305175781,1.2492191903521022
2021-10-29,80.30000305175781,1.7434543502844013
2021-11-01,80.43000030517578,1.1314136880045345
2021-11-02,80.44000244140625,0.8702100037255356
2021-11-03,80.7300033569336,-0.6317380342170775
2021-11-04,81.05000305175781,-1.221474960996427
2021-11-05,81.69999694824219,-0.5752675751093839
2021-11-08,81.33999633789062,0.1475322743850871
2021-11-09,81.13999938964844,-0.35740808196794704
2021-11-10,80.22000122070312,0.39890263021042927
2021-11-11,80.05999755859375,-0.12490441814954067
2021-11-12,81.2300033569336,-1.8958523352023193
2021-11-15,81.45999908447266,-3.3636114590772315
2021-11-16,80.8499984741211,-2.8942441336466174
2021-11-17,80.54000091552734,-2.383906316265205
2021-11-19,79.69000244140625,-3.149707691471082
2021-11-22,78.72000122070312,-1.1178923642865213
2021-11-23,78.51000213623047,-3.9994896245193257
2021-11-24,78.62000274658203,-6.3469922651217425
2021-11-26,77.18000030517578,-3.2132720227098566
2021-11-29,77.83999633789062,-2.453746303409199
2021-11-30,75.37000274658203,1.7778907908443609
2021-12-01,73.62999725341797,4.943636459906919
2021-12-02,74.87000274658203,2.3908118737301143
2021-12-03,74.69999694824219,2.6773762807323243
2021-12-06,75.93000030517578,0.487294541149641
2021-12-07,76.70999908447266,-0.7952035166625793
2021-12-08,77.2699966430664,-0.47883413130793695
2021-12-09,76.66000366210938,0.16957637256442837
2021-12-10,76.69999694824219,-0.2868234681378756
2021-12-13,76.30000305175781,-0.6684169276959362
2021-12-14,76.0999984741211,1.484894750946375
2021-12-15,76.9000015258789,0.6761984821175959
2021-12-16,76.79000091552734,1.71897340680629
2021-12-20,75.79000091552734,4.063863034501791
2021-12-21,77.2300033569336,2.0717317163983395
2021-12-22,77.41999816894531,1.3174945706341923
2021-12-23,78.11000061035156,0.8449571470459993
2021-12-27,78.87000274658203,-0.8241428974808507
2021-12-28,78.83000183105469,-0.9894694420641281
2021-12-29,78.44000244140625,-2.9959281366303547
2021-12-30,78.7699966430664,-2.970669591994457
2021-12-31,77.68000030517578,-1.5962897256668884
2022-01-03,78.22000122070312,-2.8892893134247255
2022-01-04,78.05000305175781,-1.4606013389806827
2022-01-05,76.08999633789062,1.209102171926002
2022-01-06,76.43000030517578,-0.28784668301018446
2022-01-07,76.44000244140625,0.15697947848638538
2022-01-11,76.91000366210938,-1.6642911815670791
2022-01-12,77.01000213623047,-1.9607870332989719
2022-01-13,76.20999908447266,-1.9157579084266407
2022-01-14,76.55999755859375,-5.668751928275717
2022-01-18,75.62999725341797,-5.778124125199547
2022-01-19,75.5,-6.993375866618379
2022-01-20,74.75,-5.953173174905935
2022-01-21,72.22000122070312,0.12461414617759292
2022-01-24,72.75,1.6494803412263837
2022-01-25,71.26000213623047,4.673020069932199
2022-01-26,70.22000122070312,8.345201521619794
2022-01-27,70.30000305175781,0.9815004012214912
2022-01-28,72.30999755859375,-1.5765446385538562
2022-01-31,73.94999694824219,-5.436101161545704
2022-02-01,74.58999633789062,-6.287699480190579
2022-02-02,76.08000183105469,-5.533647454191037
2022-02-03,70.98999786376953,-0.21129952161255128
2022-02-04,71.16999816894531,-2.6134616526703347
2022-02-07,69.93000030517578,-0.872301741297743
2022-02-08,69.9000015258789,0.5579390288053876
2022-02-09,71.87000274658203,-2.880199827072727
2022-02-10,70.83999633789062,-4.093723950312
2022-02-11,69.30999755859375,-2.7412984611320246
2022-02-15,70.29000091552734,-5.078958099765218
2022-02-16,69.80000305175781,-6.017198272215474
2022-02-17,67.94000244140625,-0.7359434530948339
2022-02-18,67.41000366210938,1.6614672249558815
2022-02-22,66.72000122070312,1.3039494923113626
2022-02-23,65.5999984741211,3.917682552748958
2022-02-24,67.44000244140625,0.029651011777143133
2022-02-25,68.52999877929688,-2.9767998713924326
2022-02-28,68.44999694824219,-6.092035580510569
2022-03-01,67.58999633789062,-5.133886343123429
2022-03-02,68.16999816894531,-3.1245376421152438
2022-03-03,67.45999908447266,-2.8313015989270496
2022-03-04,66.48999786376953,-3.18844214964652
2022-03-07,64.27999877929688,-1.0267577161570784
2022-03-08,64.12000274658203,1.1228845297374335
2022-03-09,66.04000091552734,0.893392382966951
2022-03-10,65.55000305175781,2.745988312070735
2022-03-11,64.37000274658203,5.996582951142604
2022-03-14,63.619998931884766,5.972963377646456
2022-03-15,64.83999633789062,5.922276656640046
2022-03-16,66.62999725341797,1.6659172386422672
2022-03-17,67.3499984741211,2.2271715426636085
2022-03-18,68.2300033569336,1.3923448651650183
2022-03-21,67.41999816894531,2.9368190606768874
2022-03-22,68.68000030517578,2.810134386429719
2022-03-23,67.73999786376953,3.498675555538533
2022-03-24,68.8499984741211,-0.10166985675464923
2022-03-25,69.18000030517578,0.15900637448151844
2022-03-28,69.4000015258789,2.5936532893188424
2022-03-29,70.61000061035156,-0.45319316252393493
2022-03-30,70.11000061035156,-1.6117490280710745
2022-03-31,68.77999877929688,-0.5815666370719841
2022-04-01,69.29000091552734,-1.7462823906551628
2022-04-04,71.19999694824219,-5.617977768886339
2022-04-05,70.29000091552734,-5.178545087832465
2022-04-06,68.9800033569336,-1.9570977643043719
2022-04-07,68.37999725341797,-2.7785814167891054
2022-04-11,67.19999694824219,-1.3988018671127422
2022-04-12,66.6500015258789,1.3953492631424425
2022-04-13,67.62999725341797,-4.406322413961739
2022-04-14,66.4800033569336,-5.5204599854458465
2022-04-18,66.26000213623047,-6.187748500805601
2022-04-19,67.58000183105469,-11.038772857419287
2022-04-20,64.6500015258789,-9.079663740196986
2022-04-21,62.810001373291016,-2.6747337501097035
2022-04-22,61.31999969482422,-3.6855811036867303
2022-04-25,62.15999984741211,-2.3648668344781743
2022-04-26,60.119998931884766,1.2142374504420683
2022-04-27,58.77999877929688,7.077237042878792
2022-04-28,61.130001068115234,-0.834291063829995
2022-04-29,59.060001373291016,0.5248857964536668
2022-05-02,60.68999862670898,-4.712468051359686
2022-05-03,60.84999847412109,-4.535740987252446
2022-05-04,62.93999862670898,-9.374003558808363
2022-05-05,60.619998931884766,-4.882875514066964
2022-05-06,59.369998931884766,-0.6063678909015824
2022-05-09,57.83000183105469,1.3833636723679765
2022-05-10,58.09000015258789,3.133068841527864
2022-05-11,57.040000915527344,1.595371375887189
2022-05-12,57.65999984741211,0.36420236737493283
2022-05-13,59.0099983215332,-1.677678176459585
2022-05-16,58.630001068115234,0.44345610915330624
2022-05-17,59.90999984741211,-5.191121045355674
2022-05-18,57.95000076293945,-0.6729928982120992
2022-05-19,57.869998931884766,1.883532353043349
2022-05-20,58.02000045776367,3.791797217480153
2022-05-24,56.79999923706055,5.950706185766763
2022-05-25,57.560001373291016,3.3530233827814726
2022-05-26,58.959999084472656,3.3582082309729255
2022-05-27,60.220001220703125,-0.9963505092259628
2022-05-31,60.18000030517578,0.2824828316438044
2022-06-01,59.4900016784668,1.1766631845558484
2022-06-02,60.93999862670898,-4.266489223354775
2022-06-03,59.619998931884766,-4.8809122769974405
2022-06-06,59.91999816894531,-9.829772312478202
2022-06-07,60.34999847412109,-10.720791333209856
2022-06-08,60.18999862670898,-8.473165958601614
2022-06-09,58.34000015258789,-9.01610954366766
2022-06-10,56.709999084472656,-5.0608340296562915
2022-06-14,53.880001068115234,0.3897533042124035
2022-06-15,55.09000015258789,-1.651842158089667
2022-06-16,53.08000183105469,3.334582859849977
2022-06-17,53.84000015258789,5.757798041113271
2022-06-21,54.09000015258789,1.2386728915793066
2022-06-22,54.18000030517578,1.3842746322914934
2022-06-23,54.84999847412109,-1.0574257657109398
2022-06-24,56.93999862670898,-3.723215635783883
2022-06-28,54.7599983215332,2.4287835497096566
2022-06-29,54.93000030517578,2.1299802702441584
2022-06-30,54.27000045776367,4.993549035588729
2022-07-01,54.81999969482422,3.4476457500361546
2022-07-05,56.09000015258789,-2.0146212605476332
2022-07-06,56.09999847412109,-2.477717339492691
2022-07-07,56.97999954223633,-5.194803629786904
2022-07-08,56.709999084472656,-2.2923633539900568
2022-07-11,54.9900016784668,0.254590626250617
2022-07-12,54.959999084472656,3.8755478595286386
2022-07-13,54.709999084472656,6.068359989730809
2022-07-14,54.02000045776367,7.367640704387157
2022-07-15,55.40999984741211,1.0467457726978768
2022-07-18,55.130001068115234,1.215305924114718
2022-07-19,57.09000015258789,-4.221404520880645
2022-07-20,58.02999877929688,-1.7921715021664286
2022-07-21,58.0,-2.8620687024346725
2022-07-22,55.9900016784668,0.6786876978503775
2022-07-25,55.79999923706055,0.8781392207284355
2022-07-26,54.68000030517578,2.7798106241411213
2022-07-27,56.9900016784668,0.9826242184606482
2022-07-28,56.34000015258789,2.5914076686519127
2022-07-29,56.369998931884766,1.2772773360757883
2022-08-01,56.290000915527344,2.0074564488171243
2022-08-02,56.20000076293945,1.1743769367479118
2022-08-03,57.54999923706055,1.5812334656402527
2022-08-04,57.79999923706055,1.2456768688700492
2022-08-05,57.09000015258789,4.326504141007881
2022-08-08,57.41999816894531,4.092654760984171
2022-08-09,56.86000061035156,5.328875741772765
2022-08-10,58.459999084472656,0.4618550495930185
2022-08-11,58.52000045776367,0.2050562729769112
2022-08-12,59.560001373291016,-3.1396956068920123
2022-08-15,59.77000045776367,-6.240588110539036
2022-08-16,59.88999938964844,-7.229918284330172
2022-08-17,58.72999954223633,-4.835689042608404
2022-08-18,58.63999938964844,-2.8308319657062375
2022-08-19,57.68999862670898,-4.385506742108925
2022-08-22,56.040000915527344,-2.3376184009448298
2022-08-23,55.560001373291016,-2.3578137885373884
2022-08-24,55.88999938964844,-2.7017325783203927
2022-08-25,56.97999954223633,-3.6855010371919628
2022-08-26,55.15999984741211,-2.393037887011795
2022-08-30,54.25,-1.9907867853542593
2022-08-31,54.380001068115234,-0.25744646358700773
2022-09-01,54.880001068115234,-1.4030620312998399
2022-09-02,53.84000015258789,3.3060898481652723
2022-09-06,53.16999816894531,-0.6206470335185399
2022-09-07,54.2400016784668,-2.415194197553061
2022-09-08,54.11000061035156,-2.60580268251257
2022-09-09,55.619998931884766,-6.256741476205563
2022-09-12,55.90999984741211,-6.403144385848403
2022-09-13,52.84000015258789,-2.4981069095617148
2022-09-14,52.93000030517578,-5.044401980442636
2022-09-15,52.70000076293945,-4.971534903140351
2022-09-16,52.13999938964844,-5.811275057088771
2022-09-19,52.33000183105469,-7.682018568893012
2022-09-20,51.52000045776367,-6.735250756738342
2022-09-21,50.2599983215332,-1.1341020968160587
2022-09-22,50.08000183105469,-3.194892632424373
2022-09-23,49.11000061035156,-2.4842215547559388
2022-09-26,48.310001373291016,1.9043637813969339
2022-09-27,48.04999923706055,5.598340237498856
2022-09-28,49.68999862670898,1.3282347869845834
2022-09-29,48.47999954223633,3.300334785326098
2022-09-30,47.88999938964844,1.754019969291254
2022-10-03,49.22999954223633,-1.2797096769719407
2022-10-04,50.7400016784668,-6.011042473126659
2022-10-05,50.34999847412109,-5.402179718841261
2022-10-06,50.08000183105469,-2.5958526442218965
2022-10-07,48.72999954223633,-1.5390929756729066
2022-10-10,48.59999847412109,1.440330833162884
2022-10-11,47.68999862670898,4.15181295712479
2022-10-12,47.630001068115234,4.366991328391601
2022-10-13,48.77999877929688,2.1525278352475974
2022-10-14,47.97999954223633,4.522721976544308
2022-10-17,49.29999923706055,2.4340786643204826
2022-10-18,49.66999816894531,4.368838461120195
2022-10-19,49.709999084472656,0.9857205541970115
2022-10-20,49.83000183105469,-4.033718768554828
2022-10-21,50.150001525878906,-2.2333055084835185
2022-10-24,50.5,-4.534655278271971
2022-10-25,51.84000015258789,-7.600305970508947
2022-10-26,50.20000076293945,-7.270919263757358
2022-10-27,47.81999969482422,-5.039732042643563
2022-10-28,49.02999877929688,-6.750963983281633
2022-10-31,48.209999084472656,-3.4640078835495802
2022-11-01,47.900001525878906,-2.7348670805015796
2022-11-02,46.54999923706055,-1.2674546987278212
2022-11-03,45.40999984741211,7.333190579705451
2022-11-04,45.720001220703125,9.405072445871676
2022-11-07,46.540000915527344,7.0476981408965855
2022-11-08,46.59000015258789,8.521144468128128
2022-11-09,45.959999084472656,8.920805853983405
2022-11-10,48.7400016784668,1.9285978546124571
2022-11-11,50.02000045776367,-0.9796115033636199
2022-11-14,49.81999969482422,-1.4050597495531059
2022-11-15,50.560001373291016,-1.4042778478740248
2022-11-16,50.060001373291016,0.8389895274141912
2022-11-18,49.52999877929688,1.3527195642141443
2022-11-21,49.119998931884766,0.5700378666180894
2022-11-22,49.84999847412109,-0.8625884018813035
2022-11-23,50.47999954223633,2.0404096446852815
2022-11-25,50.20000076293945,3.466131150049878
2022-11-28,49.400001525878906,3.481776017972016
2022-11-29,49.41999816894531,0.465405433944599
2022-11-30,51.5099983215332,-4.09628589479537
2022-12-01,51.810001373291016,-4.844628584635435
2022-12-02,51.93999862670898,-4.813246180400221
2022-12-05,51.119998931884766,-2.5234685598271356
2022-12-06,49.650001525878906,2.0543738403205447
2022-12-07,49.400001525878906,1.2348112890942842
2022-12-08,49.29999923706055,-2.515208687543713
2022-12-09,49.43999862670898,-2.811487516703759
2022-12-12,49.83000183105469,-6.060606756553577
2022-12-13,50.66999816894531,-6.986377005633438
2022-12-14,50.0099983215332,-4.519092976174122
2022-12-15,48.060001373291016,-1.4981298379722063
2022-12-16,48.04999923706055,-0.5202913714245749
2022-12-20,47.130001068115234,0.5092252457679081
2022-12-21,47.75,-2.2408370572234992
2022-12-22,47.34000015258789,1.3308007310616654
2022-12-23,47.79999923706055,0.3974946536378532
2022-12-27,47.369998931884766,2.6176941237635365
2022-12-28,46.68000030517578,6.0839762939611575
2022-12-29,47.970001220703125,3.3771083816141356
2022-12-30,47.9900016784668,5.021879064641666
2023-01-03,48.61000061035156,5.410411510168078
2023-01-04,49.52000045776367,4.220517231962639
2023-01-05,49.59000015258789,5.222827474528113
2023-01-06,50.400001525878906,3.869041446835908
2023-01-10,51.2400016784668,1.2099900694291232
2023-01-11,51.61000061035156,-0.7362934772742746
2023-01-12,52.18000030517578,-1.3223430867641106
2023-01-13,52.34999847412109,1.432664798205785
2023-01-17,51.86000061035156,3.8951030350749205
2023-01-18,51.22999954223633,5.543627128566464
2023-01-19,51.4900016784668,6.642062648010283
2023-01-20,53.09999847412109,4.124298501578272
2023-01-23,54.02999877929688,0.7218200970936728
2023-01-24,53.880001068115234,2.227172864051008
2023-01-25,54.06999969482422,3.070094057298478
2023-01-26,54.90999984741211,8.158804506803264
2023-01-27,55.290000915527344,5.263157531608731
2023-01-30,54.41999816894531,5.659687494830323
2023-01-31,55.08000183105469,6.3362341099303165
2023-02-01,55.72999954223633,1.794365706466805
2023-02-02,59.38999938964844,-6.566758294766717
2023-02-03,58.20000076293945,-5.567013120264363
2023-02-06,57.5,-3.0608666461447
2023-02-07,58.56999969482422,-4.797680361844581
2023-02-08,56.72999954223633,-0.8108568450281406
2023-02-09,55.4900016784668,-0.1441734161736985
2023-02-10,54.959999084472656,0.7096058881824296
2023-02-14,55.7599983215332,-2.9232376299920038
2023-02-15,56.27000045776367,-3.6076039857518616
2023-02-16,55.40999984741211,-2.5627110139969322
2023-02-17,55.34999847412109,-3.812099103563338
2023-02-21,54.130001068115234,-1.1638667202730435
2023-02-22,54.2400016784668,-2.120209237263826
2023-02-23,53.9900016784668,-0.7408807435515308
2023-02-24,53.2400016784668,2.8549898481336378
2023-02-27,53.40999984741211,2.5276137015126876
2023-02-28,53.5,1.3084126410083163
2023-03-01,53.09000015258789,2.1472958869314773
2023-03-02,53.59000015258789,-1.08229488599223
2023-03-03,54.7599983215332,-4.5653763269326575
2023-03-06,54.7599983215332,-4.5653763269326575
2023-03-07,54.20000076293945,-0.8487067859733188
2023-03-08,54.22999954223633,0.16596008362086412
2023-03-09,53.0099983215332,4.772689443693912
2023-03-10,52.2599983215332,5.262150953546607
2023-03-13,52.2599983215332,5.759667495033627
2023-03-14,53.7400016784668,5.042796799090032
2023-03-15,54.31999969482422,2.098673409523344
2023-03-16,55.540000915527344,1.476412821943196
2023-03-17,55.0099983215332,2.981282047601397
2023-03-20,55.27000045776367,1.917860257846482
2023-03-21,56.45000076293945,-1.0274611571581604
2023-03-22,55.459999084472656,2.07356931998377
2023-03-23,56.36000061035156,0.9226409725555662
2023-03-24,56.650001525878906,2.3300964859130913
2023-03-27,56.33000183105469,3.3374706059063675
2023-03-28,55.869998931884766,4.510471641204061
2023-03-29,56.61000061035156,2.808691283245013
2023-03-30,56.880001068115234,3.604077353313717
2023-04-03,58.209999084472656,1.0135718293547757
2023-04-04,58.38999938964844,0.4452853895329234
2023-04-05,58.20000076293945,-0.2749138235647486
2023-04-06,58.93000030517578,0.5430166183048701
2023-04-10,58.79999923706055,0.15306148597900027
2023-04-11,58.650001525878906,-0.10230412912187736
2023-04-12,58.040000915527344,0.18952551450104327
2023-04-13,59.25,-2.8691995998978093
2023-04-14,59.22999954223633,-2.6000353324824754
2023-04-17,58.88999938964844,-2.1395794440349114
2023-04-18,58.59000015258789,-3.1746042080687875
2023-04-19,58.150001525878906,-3.473775416608882
2023-04-20,57.54999923706055,3.197220116387034
2023-04-21,57.68999862670898,3.830825016083028
2023-04-24,57.630001068115234,3.9215656422807
2023-04-25,56.72999954223633,3.613607004410957
2023-04-26,56.130001068115234,4.3114165738364685
2023-04-27,59.38999938964844,-2.9971355406464673
2023-04-28,59.900001525878906,-2.6210344821876563
2023-05-01,59.88999938964844,-1.6196380540801636
2023-05-02,58.77999877929688,-0.3912887836216572
2023-05-03,58.54999923706055,0.8881305969932862
2023-05-04,57.61000061035156,3.558408636246746
2023-05-05,58.33000183105469,2.3658446941506206
2023-05-08,58.91999816894531,1.8160277372266664
2023-05-09,58.54999923706055,2.3398786502760505
2023-05-10,59.06999969482422,2.6747957325503835
2023-05-11,59.65999984741211,3.486426142096133
2023-05-12,59.709999084472656,2.847095610459549
2023-05-15,59.9900016784668,3.3005492362688793
2023-05-16,59.91999816894531,2.136185969807869
2023-05-17,60.650001525878906,0.44517170036870723
2023-05-18,61.7400016784668,-1.3281559559909728
2023-05-19,61.40999984741211,1.2212994656628506
2023-05-23,61.20000076293945,1.732022132972988
2023-05-24,60.91999816894531,2.166781925798511
2023-05-25,60.91999816894531,3.5456397357714664
2023-05-26,62.15999984741211,1.6087516127007095
2023-05-30,62.2599983215332,2.1201470367931963
2023-05-31,62.2400016784668,1.0122063567294726
2023-06-01,63.08000183105469,0.17437665260202628
2023-06-02,63.15999984741211,0.07916282010977937
2023-06-05,63.31999969482422,1.01073814392445
2023-06-06,63.58000183105469,0.9279589822258405
2023-06-07,62.869998931884766,2.2427228747685213
2023-06-08,63.18999862670898,3.3391430145671475
2023-06-09,63.209999084472656,2.4521485116404174
2023-06-13,64.16999816894531,0.26491845690528315
2023-06-14,64.27999877929688,-0.9022993580768746
2023-06-15,65.30000305175781,-1.6845421931201754
2023-06-16,64.76000213623047,-1.0809211774949867
2023-06-20,64.33999633789062,0.23313884739928348
2023-06-21,63.70000076293945,1.6954442753880805
2023-06-22,64.19999694824219,0.3582606976119118
2023-06-23,64.05999755859375,1.5922639889706103
2023-06-26,63.41999816894531,2.9643723385237797
2023-06-28,64.77999877929688,1.5745666744083398
2023-06-29,64.43000030517578,1.3192588391976345
2023-06-30,65.08000183105469,-0.04609523425452844
2023-07-03,65.30000305175781,-0.643194148102777
2023-07-05,65.80000305175781,1.5349459878314597
2023-07-06,65.27999877929688,3.844978834507118
2023-07-07,65.05000305175781,3.2282834367435953
2023-07-10,64.87999725341797,3.1288632777869863
2023-07-11,66.01000213623047,2.0602947528236992
2023-07-12,66.80999755859375,1.1225864801779561
2023-07-13,67.79000091552734,-2.315975326185027
2023-07-14,67.1500015258789,-2.3678390635216706
2023-07-17,66.91000366210938,-1.8382951570964146
2023-07-18,67.37000274658203,-2.196828405218787
2023-07-19,67.55999755859375,-0.947305229094153
2023-07-20,66.22000122070312,1.902751605260522
2023-07-21,65.55999755859375,4.957291215722415
2023-07-24,65.68000030517578,4.735080079021392
2023-07-25,65.88999938964844,4.2646798977436395
2023-07-26,66.91999816894531,0.7322258018104044
2023-07-27,67.4800033569336,-0.3556690593131129
2023-07-28,68.80999755859375,-2.4996385434231327
2023-07-31,68.79000091552734,-0.9594470901662655
2023-08-01,68.69999694824219,-1.1062511507948236
2023-08-02,67.41000366210938,-0.2966986600968502
2023-08-03,67.23999786376953,0.2974488161673339
2023-08-04,67.08999633789062,0.044725607883888685
2023-08-07,68.12999725341797,-0.7632418377065409
2023-08-08,67.94000244140625,-1.3688552719406277
2023-08-09,67.20999908447266,-1.4878738485670118
2023-08-10,67.44000244140625,-2.9507790941927015
2023-08-11,67.12000274658203,-3.0691375203991345
2023-08-14,67.61000061035156,-3.0764706585969526
2023-08-15,67.01000213623047,-2.2086305174632948
2023-08-16,66.20999908447266,0.5739272899447645
2023-08-17,65.44999694824219,-0.21390282074290612
2023-08-18,65.05999755859375,0.4918532229209349
2023-08-21,65.52999877929688,0.9919144483247821
2023-08-22,65.52999877929688,3.235163720545975
2023-08-23,66.58999633789062,1.606858962402291
2023-08-24,65.30999755859375,3.7054140082744658
2023-08-25,65.37999725341797,2.6307759145909104
2023-08-29,67.6500015258789,-0.8277977462780362
2023-08-30,67.66000366210938,-1.1528323477289715
2023-08-31,67.7300033569336,-1.4321588256703155
2023-09-01,67.0999984741211,-0.2086429103309584
2023-09-05,67.08999633789062,0.2533996238181846
2023-09-06,66.87999725341797,0.8971383495159468
2023-09-07,66.76000213623047,2.4865128514038215
2023-09-08,66.95999908447266,0.8213904708450848
2023-09-11,67.97000122070312,-0.8533203187261695
2023-09-12,67.26000213623047,0.26761864326321216
2023-09-13,67.4800033569336,-1.4226536249402066
2023-09-14,68.41999816894531,-3.975447666611731
2023-09-15,67.51000213623047,-2.7995842539518034
2023-09-18,67.38999938964844,-2.3890794256319126
2023-09-19,67.44000244140625,-3.543889832632996
2023-09-20,66.5199966430664,-1.9542926758382317
2023-09-21,65.69999694824219,0.3653051816016717
2023-09-22,65.62000274658203,-0.07620092908395826
2023-09-25,65.77999877929688,0.4256594473896591
2023-09-26,65.05000305175781,0.1844659670377391
2023-09-27,65.22000122070312,0.8739645571231414
2023-09-28,65.94000244140625,-0.36397556002114584
2023-09-29,65.56999969482422,2.043623567975894
2023-10-02,66.05999755859375,2.3766269343738156
2023-10-03,65.16999816894531,4.373175624054526
2023-10-04,65.79000091552734,4.331962964676683
2023-10-05,65.69999694824219,3.2420167149939116
2023-10-06,66.91000366210938,0.23912124339853236
2023-10-09,67.62999725341797,0.7688958946906688
2023-10-10,68.0199966430664,0.5439617242611883
2023-10-11,68.63999938964844,-2.0833337964618948
2023-10-12,67.83000183105469,-1.0172525767061735
2023-10-13,67.06999969482422,-0.8200433193087608
2023-10-16,68.1500015258789,-1.8782079980010247
2023-10-17,68.38999938964844,-1.0674012780435227
2023-10-18,67.20999908447266,-3.6899207875633055
2023-10-19,67.13999938964844,-5.689603410114385
2023-10-20,66.5199966430664,-5.156338941030347
2023-10-23,66.87000274658203,-3.7086933678350364
2023-10-24,67.66000366210938,-4.345259063372908
2023-10-25,64.7300033569336,1.4521779132752544
2023-10-26,63.31999969482422,5.085283064153789
2023-10-27,63.09000015258789,7.085112371524538
2023-10-30,64.38999938964844,4.643574921745097
2023-10-31,64.72000122070312,4.666249360484165
2023-11-01,65.66999816894531,2.664839422559262
2023-11-02,66.54000091552734,1.2924565652521425
2023-11-03,67.55999755859375,1.3469563276998997
2023-11-06,67.37999725341797,1.3950764020824735
2023-11-07,67.73999786376953,2.494836868470207
2023-11-08,67.41999816894531,3.485610409291784
2023-11-09,67.4000015258789,3.9762614903603
2023-11-10,68.47000122070312,2.336787564766829
2023-11-13,68.31999969482422,3.717799951512246
2023-11-14,69.43000030517578,1.713960011775395
2023-11-15,69.7699966430664,2.0495920509950194
2023-11-17,70.06999969482422,1.270157547487738
2023-11-20,70.86000061035156,-0.4798249567549262
2023-11-21,70.62000274658203,0.09912162574590155
2023-11-22,71.19999694824219,-1.4325796162714455
2023-11-24,70.95999908447266,-1.4797004451949647
2023-11-27,70.5199966430664,-1.8576256678289993
2023-11-28,70.69000244140625,-2.5463332714549036
2023-11-29,70.18000030517578,-2.0946155803802546
2023-11-30,69.7699966430664,0.5446537209347291
2023-12-01,69.91000366210938,0.8153335216218194
2023-12-04,69.20999908447266,1.0547657370181485
2023-12-05,68.88999938964844,1.9451356933623432
2023-12-06,68.70999908447266,3.1727555439138744
2023-12-07,70.1500015258789,1.496786029257513
2023-12-08,70.4800033569336,0.7661652389516993
2023-12-11,69.94000244140625,2.545036770320541
2023-12-12,70.2300033569336,3.1610330132348263
2023-12-13,70.88999938964844,1.4106362090701596
2023-12-14,71.19999694824219,1.9662943621986617
2023-12-15,71.0199966430664,2.2388116621241627
2023-12-19,72.44999694824219,0.6073187852866146
2023-12-20,71.88999938964844,1.4049271731888524
2023-12-21,72.5999984741211,0.6887052486347134
2023-12-22,72.61000061035156,0.06886524078981715
